Team,Position,Shirt number,Name,Minutes played,Games played,Full games played,Games started,Games where substituted,Yellow Cards,Red Cards,Second Yellows,Goals scored,Penalties scored,Own goals,Goals conceded while player on pitch,Tackles,Interceptions,Recoveries,Clearances,Successful tackles,Unssuccessful tackles,Last man,Successful duels,Duels lost,Successful aerial challenges,Unsuccessful aerial challenges,Offsides,Fouls suffered,Fouls committed,Penalties won,Penalties given away,Handballs committed,Fouls committed per card,Shots,Shots on target,Assists,Successful dribbles,Unsuccessful dribbles,Goals scored,From inside the area,From outside the area,Goals with left foot,Goals with right foot,Penalties scored,Goals scored with header,Goals from set piece,Crosses,Corners,Tackles,Duels,Man-to-man duels,Aerial duels,Passes,Short passes,Long passes,Through balls,Goals scored per attempt
Athletic Club,Goalkeeper,,Hodei Oleaga,0,0,0,0,0,0,0,0,0,0,0,0,0,0,0,0,0,0,0,0,0,0,0,0,0,0,0,0,0,0,0,0,0,0,0,0,0,0,0,0,0,0,0,0,0,0,0,0,0,0,0,0,0,0
Athletic Club,Goalkeeper,1,A. Remiro,0,0,0,0,0,0,0,0,0,0,0,0,0,0,0,0,0,0,0,0,0,0,0,0,0,0,0,0,0,0,0,0,0,0,0,0,0,0,0,0,0,0,0,0,0,0,0,0,0,0,0,0,0,0
Athletic Club,Goalkeeper,13,Herrerín,2.79,31,31,31,0,1,0,0,0,0,0,32,0,0,228,27,0,0,0,3,3,18,1,0,4,1,0,0,0,0,0,0,1,0,0,0,0,0,0,0,0,0,0,0,0,0,25,6,19,887,128,759,1,0
Athletic Club,Goalkeeper,25,Unai Simón,630,7,7,7,0,2,0,0,0,0,0,13,0,1,54,3,0,0,0,0,2,1,0,0,0,1,0,1,0,0,0,0,0,0,0,0,0,0,0,0,0,0,0,0,0,0,3,2,1,155,49,106,0,0
Athletic Club,Defender,3,Núñez,1.063,12,11,11,1,4,0,0,0,0,0,15,12,28,50,57,11,4,0,19,19,43,26,0,2,16,0,0,1,7,9,3,0,2,0,0,0,0,0,0,0,0,0,1,0,15,107,38,69,536,457,78,1,0
Athletic Club,Defender,4,I. Martínez,2.903,33,32,33,1,12,0,0,0,0,0,40,14,68,182,143,26,27,0,108,54,94,73,0,55,38,2,3,1,21,21,4,0,4,1,0,0,0,0,0,0,0,0,15,0,53,329,162,167,1.44,1.074,361,5,0
Athletic Club,Defender,5,Yeray,2.614,30,28,30,2,10,0,0,0,0,0,30,16,63,138,144,30,25,2,76,50,101,69,0,24,31,0,0,0,21,7,3,0,5,1,0,0,0,0,0,0,0,0,4,0,55,296,126,170,1.284,1.051,233,0,0
Athletic Club,Defender,6,San José,1.716,33,15,16,18,7,0,0,0,0,0,23,6,21,99,34,25,17,0,52,89,66,36,2,8,34,0,0,0,16,11,3,0,5,7,0,0,0,0,0,0,0,0,11,0,42,243,141,102,707,637,64,6,0
Athletic Club,Defender,12,Yuri B.,3.12,35,33,35,2,9,1,0,2,0,0,40,9,43,270,71,32,15,0,154,100,78,41,3,78,38,0,0,0,12,22,6,2,32,24,2,0,1,1,0,0,0,0,100,2,48,373,254,119,1.367,1.273,92,2,1
Athletic Club,Defender,15,I. Lekue,210,4,2,2,2,1,0,0,0,0,0,4,0,4,11,10,2,3,0,10,10,5,4,0,3,1,0,0,0,1,0,0,0,3,1,0,0,0,0,0,0,0,0,10,2,5,29,20,9,85,75,10,0,0
Athletic Club,Defender,24,Balenziaga,520,11,4,6,7,0,0,0,0,0,0,7,2,2,25,17,6,4,0,13,13,5,4,1,1,10,0,0,1,0,0,0,0,2,0,0,0,0,0,0,0,0,0,8,0,10,35,26,9,177,150,27,0,0
Athletic Club,Midfielder,,Nolaskoain,465,8,3,4,5,2,1,0,2,0,0,11,6,10,26,18,8,3,0,13,11,15,12,0,1,5,0,0,0,3,4,3,0,2,1,2,0,0,0,0,2,0,0,0,0,11,51,24,27,276,253,23,0,2
Athletic Club,Midfielder,7,Beñat,2.045,27,10,25,17,8,0,0,1,0,0,28,1,24,178,10,24,23,0,72,98,21,17,1,17,30,0,1,1,13,13,3,2,9,6,0,1,0,1,0,0,1,0,50,65,48,208,170,38,1.166,1.013,151,2,1
Athletic Club,Midfielder,8,Iturraspe,97,3,0,1,3,1,0,0,0,0,0,4,0,6,8,2,2,0,0,3,3,5,2,0,1,1,0,0,0,1,0,0,0,0,1,0,0,0,0,0,0,0,0,0,0,2,13,6,7,80,77,3,0,0
Athletic Club,Midfielder,11,Córdoba,1.322,23,4,15,19,4,0,0,0,0,0,17,0,17,96,8,23,14,0,88,106,23,19,2,20,19,0,0,5,6,16,7,5,32,31,0,0,0,0,0,0,0,0,44,2,37,236,194,42,406,376,28,2,0
Athletic Club,Midfielder,14,Susaeta,1.38,22,6,15,16,2,1,1,1,0,0,18,1,12,70,4,10,7,0,46,71,4,18,3,13,12,0,0,0,5,11,6,2,16,21,1,0,1,0,0,0,0,0,69,41,17,139,117,22,524,503,21,0,1
Athletic Club,Midfielder,16,Dani García,2.482,29,23,29,6,13,0,0,0,0,0,27,8,48,188,47,34,23,0,85,92,57,34,0,26,46,0,0,1,29,1,0,0,3,1,0,0,0,0,0,0,0,0,5,0,57,268,177,91,1.396,1.201,195,0,0
Athletic Club,Midfielder,17,Mikel Rico,243,4,1,3,3,0,0,0,0,0,0,1,2,2,19,3,2,3,0,8,18,7,7,0,3,5,0,0,0,0,3,1,0,0,2,0,0,0,0,0,0,0,0,4,0,5,40,26,14,94,87,7,0,0
Athletic Club,Midfielder,18,De Marcos,2.426,30,20,28,10,4,2,1,1,0,0,32,4,27,118,47,32,28,2,80,101,38,33,9,11,39,0,0,1,13,7,2,2,10,16,1,0,0,1,0,0,0,0,78,0,60,252,181,71,1.028,934,94,0,1
Athletic Club,Midfielder,19,Ibai,2.033,32,9,23,23,0,0,0,3,0,0,21,1,10,127,22,11,9,0,50,75,10,18,0,12,6,0,0,0,0,35,14,4,19,23,2,1,2,1,0,0,0,0,88,47,21,153,125,28,717,631,82,4,1
Athletic Club,Midfielder,21,Capa,1.637,25,15,17,10,9,0,0,0,0,0,19,2,30,78,38,27,16,0,76,102,31,17,8,16,44,0,0,1,26,7,2,0,20,26,0,0,0,0,0,0,0,0,50,0,43,226,178,48,686,591,95,0,0
Athletic Club,Midfielder,22,Raúl García,2.379,33,14,27,19,13,0,0,9,2,0,24,1,21,123,36,39,22,0,126,168,192,140,10,60,98,1,0,4,46,63,35,3,12,15,8,1,1,6,2,2,0,0,28,0,61,626,294,332,892,799,85,8,4
Athletic Club,Midfielder,23,Unai López,325,7,1,3,6,1,0,0,0,0,0,8,3,1,25,1,6,2,0,17,14,2,7,1,4,1,0,0,0,1,3,2,0,5,2,0,0,0,0,0,0,0,0,11,1,8,40,31,9,242,213,29,0,0
Athletic Club,Midfielder,32,Iñigo Vicente,0,0,0,0,0,0,0,0,0,0,0,0,0,0,0,0,0,0,0,0,0,0,0,0,0,0,0,0,0,0,0,0,0,0,0,0,0,0,0,0,0,0,0,0,0,0,0,0,0,0,0,0,0,0
Athletic Club,Forward,,Gorka Guruzeta,45,6,0,0,6,0,0,0,0,0,0,3,0,2,2,0,1,0,0,1,6,3,10,0,0,4,0,0,1,0,1,0,0,0,0,0,0,0,0,0,0,0,0,0,0,1,20,7,13,9,9,0,0,0
Athletic Club,Forward,2,Kenan Kodro,151,11,0,0,11,0,0,0,1,0,0,2,0,0,6,0,1,2,0,6,12,7,8,1,2,5,0,0,0,0,3,1,0,1,1,1,0,0,1,0,0,0,0,0,0,3,33,18,15,46,45,1,0,1
Athletic Club,Forward,9,Williams,3.036,38,19,36,19,3,0,0,13,0,0,39,1,7,81,30,18,9,0,127,145,79,98,21,52,40,0,0,4,3,56,33,4,50,42,13,0,1,11,0,1,0,0,31,1,27,449,272,177,686,666,12,8,7
Athletic Club,Forward,10,Muniain ,2.385,34,16,27,18,7,0,0,7,1,0,35,3,13,158,6,19,9,0,169,139,6,30,1,79,27,3,0,2,10,20,12,4,63,41,7,0,1,6,1,0,0,0,27,17,28,344,308,36,1.187,1.126,51,10,6
Athletic Club,Forward,20,Aduriz,941,20,4,10,16,4,0,0,2,2,0,14,1,0,18,3,1,3,0,13,42,52,60,12,8,28,0,1,3,3,19,11,0,2,5,2,0,0,2,2,0,0,0,6,0,4,167,55,112,230,227,3,0,1
Atlético de Madrid,Goalkeeper,,Alex Dos Santos,0,0,0,0,0,0,0,0,0,0,0,0,0,0,0,0,0,0,0,0,0,0,0,0,0,0,0,0,0,0,0,0,0,0,0,0,0,0,0,0,0,0,0,0,0,0,0,0,0,0,0,0,0,0
Atlético de Madrid,Goalkeeper,1,Adán,90,1,1,1,0,1,0,0,0,0,0,2,0,0,4,0,0,0,0,0,0,0,0,0,0,0,0,0,0,0,0,0,0,0,0,0,0,0,0,0,0,0,0,0,0,0,0,0,0,22,5,17,0,0
Atlético de Madrid,Goalkeeper,13,Oblak ,3.33,37,37,37,0,0,0,0,0,0,0,27,0,1,259,23,0,1,1,5,1,7,1,0,2,1,0,1,0,0,0,0,0,1,0,0,0,0,0,0,0,0,0,0,0,1,14,6,8,759,147,612,0,0
Atlético de Madrid,Defender,2,Godín,2.507,30,27,28,3,7,0,0,3,0,1,24,9,45,138,134,30,22,0,80,49,89,57,0,24,32,0,0,0,10,14,8,1,10,1,3,0,0,1,0,2,0,1,0,0,52,275,129,146,1.047,862,184,1,3
Atlético de Madrid,Defender,3,Filipe Luis,2.037,27,15,24,12,4,0,0,2,0,0,18,3,44,143,38,36,30,0,103,75,18,10,2,14,26,0,1,1,11,10,6,2,23,7,2,0,0,1,0,1,0,0,54,0,66,206,178,28,1.287,1.164,123,0,2
Atlético de Madrid,Defender,4,Arias,1.77,25,16,20,9,4,0,0,1,0,0,10,2,34,99,35,32,16,0,87,43,42,39,2,32,21,0,0,0,6,7,1,1,8,6,1,0,0,1,0,0,0,0,51,0,48,211,130,81,790,744,46,0,1
Atlético de Madrid,Defender,15,Savić,1.399,18,14,17,4,3,1,1,0,0,0,12,9,22,65,64,10,1,0,18,18,35,25,0,6,15,0,0,1,4,5,0,2,1,0,0,0,0,0,0,0,0,0,1,0,11,96,36,60,544,425,119,0,0
Atlético de Madrid,Defender,18,Nehuen Pérez,0,0,0,0,0,0,0,0,0,0,0,0,0,0,0,0,0,0,0,0,0,0,0,0,0,0,0,0,0,0,0,0,0,0,0,0,0,0,0,0,0,0,0,0,0,0,0,0,0,0,0,0,0,0
Atlético de Madrid,Defender,20,Juanfran,1.609,22,15,18,7,7,0,0,0,0,0,14,5,19,135,30,22,14,0,57,51,14,11,3,10,17,0,1,1,8,0,0,2,11,10,0,0,0,0,0,0,0,0,49,0,36,133,108,25,770,717,53,0,0
Atlético de Madrid,Defender,21,L. Hernández,1.118,14,10,13,4,5,0,0,1,0,0,8,9,14,67,47,25,10,0,60,26,22,13,0,20,13,0,0,0,9,4,1,0,6,4,1,0,0,1,0,0,0,0,10,0,35,121,86,35,509,443,66,0,1
Atlético de Madrid,Defender,24,J. M. Giménez,1.772,21,17,19,4,5,0,0,0,0,0,12,14,44,92,125,15,11,0,50,21,56,27,0,18,8,0,1,0,4,13,3,0,7,1,0,0,0,0,0,0,0,0,0,0,26,154,71,83,718,542,175,1,0
Atlético de Madrid,Defender,33,Andrés Solano,45,1,0,1,1,0,0,0,0,0,0,0,0,0,4,1,3,1,0,5,0,1,0,0,1,0,0,0,0,0,0,0,0,0,0,0,0,0,0,0,0,0,0,0,0,4,6,5,1,26,24,2,0,0
Atlético de Madrid,Defender,35,Francisco Montero,401,9,2,4,7,2,0,0,0,0,0,5,4,5,13,16,4,4,0,9,7,1,5,2,1,6,0,0,0,3,0,0,0,0,0,0,0,0,0,0,0,0,0,0,0,8,22,16,6,160,120,40,0,0
Atlético de Madrid,Defender,54,Manuel Sánchez,0,0,0,0,0,0,0,0,0,0,0,0,0,0,0,0,0,0,0,0,0,0,0,0,0,0,0,0,0,0,0,0,0,0,0,0,0,0,0,0,0,0,0,0,0,0,0,0,0,0,0,0,0,0
Atlético de Madrid,Midfielder,5,Thomas,2.064,32,16,22,16,7,1,1,3,0,0,21,5,50,144,19,42,24,0,121,82,40,33,0,21,31,0,0,1,14,31,7,4,35,6,0,3,0,3,0,0,0,0,10,17,66,276,203,73,1.327,1.197,122,8,2
Atlético de Madrid,Midfielder,6,Koke,2.587,30,26,29,4,8,1,1,3,0,0,22,5,31,176,32,46,38,0,135,126,15,17,2,38,34,1,0,2,13,13,6,4,13,4,1,2,0,3,0,0,0,0,45,87,84,293,261,32,1.941,1.76,167,14,3
Atlético de Madrid,Midfielder,8,Saúl,2.925,33,32,32,1,10,0,0,4,0,1,26,10,42,204,74,56,27,0,141,147,95,65,7,26,55,0,1,2,21,40,20,1,34,18,4,0,3,1,0,0,0,1,49,0,83,448,288,160,1.483,1.358,121,4,2
Atlético de Madrid,Midfielder,14,Rodrigo,2.742,34,23,32,11,5,0,0,3,0,0,20,11,41,280,67,70,33,0,163,124,78,37,1,43,59,0,0,2,12,25,7,1,18,5,2,1,1,1,0,1,0,0,2,0,103,402,287,115,1.927,1.776,150,1,2
Atlético de Madrid,Midfielder,28,Cristian Rodríguez,0,0,0,0,0,0,0,0,0,0,0,0,0,0,0,0,0,0,0,0,0,0,0,0,0,0,0,0,0,0,0,0,0,0,0,0,0,0,0,0,0,0,0,0,0,0,0,0,0,0,0,0,0,0
Atlético de Madrid,Midfielder,30,Mikel Carro,0,0,0,0,0,0,0,0,0,0,0,0,0,0,0,0,0,0,0,0,0,0,0,0,0,0,0,0,0,0,0,0,0,0,0,0,0,0,0,0,0,0,0,0,0,0,0,0,0,0,0,0,0,0
Atlético de Madrid,Midfielder,32,Borja Garcés,19,1,0,0,1,0,0,0,1,0,0,1,0,0,0,0,0,0,0,0,0,0,1,0,0,0,0,0,0,0,1,1,0,0,0,1,0,0,1,0,0,0,0,0,0,0,1,0,1,4,4,0,0,1
Atlético de Madrid,Midfielder,40,Victor Mollejo,62,4,0,0,4,0,0,0,0,0,0,0,0,0,1,0,0,0,0,2,11,2,5,0,2,4,0,0,1,0,1,0,0,0,2,0,0,0,0,0,0,0,0,0,0,0,20,13,7,23,23,0,0,0
Atlético de Madrid,Midfielder,47,Joaquín Muñoz,1,1,0,0,1,0,0,0,0,0,0,0,0,0,0,0,0,0,0,0,1,1,0,0,0,0,0,0,0,0,0,0,0,0,1,0,0,0,0,0,0,0,0,0,0,0,2,1,1,1,1,0,0,0
Atlético de Madrid,Midfielder,55,Sergio Camello,45,1,0,0,1,0,0,0,1,0,0,0,0,0,2,0,0,1,0,1,1,0,0,0,0,0,0,0,0,0,3,1,0,0,1,1,0,0,1,0,0,0,0,1,0,1,2,2,0,9,9,0,0,0
Atlético de Madrid,Midfielder,57,Gustavo Assunção,0,0,0,0,0,0,0,0,0,0,0,0,0,0,0,0,0,0,0,0,0,0,0,0,0,0,0,0,0,0,0,0,0,0,0,0,0,0,0,0,0,0,0,0,0,0,0,0,0,0,0,0,0,0
Atlético de Madrid,Forward,7,Griezmann,3.202,37,31,37,6,5,0,0,15,3,0,29,1,12,118,21,19,12,0,82,108,42,57,12,35,18,0,0,2,7,86,46,9,17,25,11,4,12,2,3,1,3,0,55,61,31,289,190,99,1.388,1.287,79,22,6
Atlético de Madrid,Forward,9,Kalinić,639,17,0,7,17,3,0,0,2,0,0,4,0,2,13,2,4,2,0,15,23,17,21,3,9,14,0,0,1,5,6,5,0,0,3,2,0,0,1,0,0,0,0,0,0,6,76,38,38,107,106,1,0,2
Atlético de Madrid,Forward,10,Correa,1.92,36,5,20,31,7,1,0,3,0,0,22,5,17,123,18,19,19,0,135,178,10,25,11,36,38,1,0,1,13,21,11,2,61,38,1,2,0,3,0,0,0,0,32,2,38,348,313,35,714,667,34,13,3
Atlético de Madrid,Forward,11,Lemar,1.827,31,5,22,26,4,0,0,3,0,0,11,1,22,106,4,21,17,0,118,119,9,26,7,33,23,0,0,3,7,19,12,3,48,31,2,1,3,0,0,0,0,0,32,49,38,272,237,35,938,882,50,6,2
Atlético de Madrid,Forward,19,Diego Costa,1.114,16,8,14,8,4,1,0,2,0,0,8,0,2,24,6,1,3,0,28,61,29,61,11,15,22,0,0,3,9,12,10,2,9,11,1,1,0,1,0,1,0,0,4,0,4,179,89,90,300,291,7,2,2
Atlético de Madrid,Forward,22,Morata,1.089,15,5,13,10,5,0,0,6,0,0,13,0,5,33,13,14,6,0,55,58,61,50,14,19,29,0,0,1,13,24,13,1,19,6,6,0,2,2,0,2,0,0,7,0,20,224,113,111,256,250,5,1,4
Atlético de Madrid,Forward,23,Vitolo,744,20,1,5,19,1,0,0,0,0,0,6,1,10,53,4,13,4,0,84,56,5,18,2,40,6,0,0,2,0,4,1,1,27,18,0,0,0,0,0,0,0,0,3,1,17,163,140,23,308,290,15,3,0
CD Leganés,Goalkeeper,1,Cuéllar,3.056,34,33,34,1,5,0,0,0,0,0,38,0,2,316,35,0,0,0,2,1,15,0,0,7,0,0,0,0,0,0,0,0,0,0,0,0,0,0,0,0,0,0,0,0,0,18,3,15,984,157,827,0,0
CD Leganés,Goalkeeper,13,Andrés,0,0,0,0,0,0,0,0,0,0,0,0,0,0,0,0,0,0,0,0,0,0,0,0,0,0,0,0,0,0,0,0,0,0,0,0,0,0,0,0,0,0,0,0,0,0,0,0,0,0,0,0,0,0
CD Leganés,Goalkeeper,29,Andriy Lunin,364,5,4,4,1,0,0,0,0,0,0,5,0,0,31,2,0,0,0,0,1,2,0,0,1,0,0,0,0,0,0,0,0,0,0,0,0,0,0,0,0,0,0,0,0,0,3,1,2,105,29,76,0,0
CD Leganés,Goalkeeper,31,David Tejero,0,0,0,0,0,0,0,0,0,0,0,0,0,0,0,0,0,0,0,0,0,0,0,0,0,0,0,0,0,0,0,0,0,0,0,0,0,0,0,0,0,0,0,0,0,0,0,0,0,0,0,0,0,0
CD Leganés,Defender,2,Juanfran,1.459,23,11,17,12,0,0,0,1,0,0,21,4,19,76,25,12,8,0,49,38,20,18,0,18,8,0,0,0,0,5,3,1,13,13,1,0,0,1,0,0,0,0,92,6,20,125,87,38,456,380,76,0,1
CD Leganés,Defender,3,Bustinza M.,2.029,25,18,24,7,9,1,1,0,0,0,22,14,53,101,106,31,10,0,69,49,58,46,0,30,31,0,2,1,12,6,1,1,3,1,0,0,0,0,0,0,0,0,24,0,41,222,118,104,866,663,203,0,0
CD Leganés,Defender,4,Diego Reyes,319,6,2,4,4,1,0,0,0,0,0,6,4,7,20,16,4,3,0,10,4,10,2,0,1,3,0,0,0,1,0,0,0,2,0,0,0,0,0,0,0,0,0,3,0,7,26,14,12,168,145,23,0,0
CD Leganés,Defender,5,J. Silva,2.7,30,30,30,0,9,0,0,3,0,0,34,2,29,144,70,38,13,0,81,102,17,22,3,20,50,0,0,2,14,19,8,6,11,14,1,2,3,0,0,0,0,0,133,23,51,222,183,39,887,727,158,2,3
CD Leganés,Defender,12,Nyom,1.712,23,13,20,10,8,1,0,1,0,0,19,2,20,90,26,24,8,0,60,59,24,17,4,20,34,0,0,1,19,4,3,1,9,12,1,0,0,1,0,0,0,0,63,0,32,160,119,41,491,441,50,0,1
CD Leganés,Defender,14,Kravets,484,6,3,6,3,2,0,0,0,0,0,6,1,4,30,8,11,5,0,26,26,7,7,0,3,11,0,0,0,4,3,2,0,7,3,0,0,0,0,0,0,0,0,29,0,16,66,52,14,165,146,19,0,0
CD Leganés,Defender,15,R. Tarín,1.429,18,13,15,5,3,0,0,0,0,0,16,5,31,61,73,14,8,0,30,18,23,24,0,7,15,0,0,0,4,4,0,0,1,0,0,0,0,0,0,0,0,0,8,0,22,95,48,47,468,369,99,0,0
CD Leganés,Defender,19,Muñoz,211,3,1,2,2,0,0,0,0,0,0,6,1,1,9,10,2,1,0,3,2,4,5,0,0,3,0,0,0,0,2,0,0,0,0,0,0,0,0,0,0,0,0,0,0,3,14,5,9,115,89,26,0,0
CD Leganés,Defender,22,Siovas,2.963,34,31,34,3,5,0,0,1,0,0,38,15,65,221,151,32,25,1,77,67,104,37,2,10,30,0,0,0,6,17,3,0,12,7,1,0,0,0,0,1,0,0,11,0,57,285,144,141,1.35,1.017,332,1,1
CD Leganés,Defender,24,K. Omeruo,2.434,28,25,27,3,7,0,0,0,0,0,27,11,37,134,156,27,22,0,67,30,54,31,1,11,17,0,2,1,10,2,1,0,8,1,0,0,0,0,0,0,0,0,2,0,49,182,97,85,963,744,219,0,0
CD Leganés,Midfielder,,Óscar,2.515,31,16,29,15,5,0,0,4,0,0,25,2,17,138,13,25,21,0,108,147,22,47,4,27,31,1,0,2,9,46,22,3,35,43,4,0,2,1,0,1,0,0,73,73,46,324,255,69,950,842,106,2,2
CD Leganés,Midfielder,6,Gumbau,1.196,16,12,13,4,4,1,1,1,1,0,19,2,13,61,12,16,6,0,37,51,15,16,0,11,28,0,0,0,18,13,6,1,4,0,1,0,1,0,1,0,0,0,26,12,22,119,88,31,399,334,65,0,1
CD Leganés,Midfielder,8,Recio,1.287,18,10,15,8,9,0,0,0,0,0,16,2,14,93,13,21,9,0,64,74,28,14,0,27,46,0,0,1,27,8,4,0,10,5,0,0,0,0,0,0,0,0,9,0,30,180,138,42,651,597,53,1,0
CD Leganés,Midfielder,10,El Zhar,954,27,3,9,24,0,0,0,4,1,0,15,0,4,53,1,4,4,0,45,63,7,19,2,11,17,0,0,0,0,18,9,0,26,18,3,1,0,3,1,1,0,0,34,5,8,134,108,26,258,238,19,1,3
CD Leganés,Midfielder,11,Szymanowski,9,1,0,0,1,0,0,0,0,0,0,1,0,0,2,0,0,1,0,1,1,0,0,0,0,1,0,0,0,0,0,0,0,0,0,0,0,0,0,0,0,0,0,2,1,1,2,2,0,5,5,0,0,0
CD Leganés,Midfielder,17,Eraso,635,13,1,9,12,2,0,0,0,0,0,12,1,7,31,3,3,3,0,19,38,9,14,1,11,16,1,0,1,5,3,2,0,3,4,0,0,0,0,0,0,0,0,8,15,6,80,57,23,208,200,7,1,0
CD Leganés,Midfielder,21,Rubén Pérez J.,2.471,31,25,27,6,7,1,0,0,0,0,31,8,41,225,32,42,29,0,120,91,50,42,0,40,33,0,0,1,13,6,3,0,11,8,0,0,0,0,0,0,0,0,4,0,71,303,211,92,1.347,1.113,231,3,0
CD Leganés,Midfielder,23,Vesga,2.075,26,15,23,11,3,0,0,1,0,0,22,4,39,155,25,32,18,0,88,132,49,25,0,24,30,0,0,2,6,11,3,1,19,13,1,0,0,0,0,1,0,0,33,0,50,294,220,74,785,717,67,1,1
CD Leganés,Midfielder,33,Javier Avilés,0,0,0,0,0,0,0,0,0,0,0,0,0,0,0,0,0,0,0,0,0,0,0,0,0,0,0,0,0,0,0,0,0,0,0,0,0,0,0,0,0,0,0,0,0,0,0,0,0,0,0,0,0,0
CD Leganés,Forward,,Youssef En-Nesyri,2.104,31,13,22,18,7,0,0,9,0,1,28,3,8,71,23,8,8,0,77,136,147,112,17,40,36,0,0,3,14,64,24,2,27,36,8,1,5,2,0,2,0,1,34,1,16,472,213,259,465,439,26,0,2
CD Leganés,Forward,9,Carrillo,1.995,32,11,23,21,5,0,0,6,1,0,18,1,8,58,25,14,11,0,60,63,212,160,9,29,41,0,0,7,11,51,20,1,9,4,6,0,1,3,1,2,0,0,2,0,25,495,123,372,640,615,23,2,4
CD Leganés,Forward,16,Jose Arnáiz,108,6,0,0,6,0,0,0,0,0,0,0,0,2,5,1,1,0,0,8,11,4,1,0,4,1,0,0,0,0,1,0,0,3,2,0,0,0,0,0,0,0,0,2,0,1,24,19,5,30,29,1,0,0
CD Leganés,Forward,18,Sabin Merino,288,12,0,2,12,0,0,0,0,0,0,5,0,0,7,3,1,0,0,7,11,15,19,2,4,4,0,0,1,0,11,4,0,2,4,0,0,0,0,0,0,0,0,2,0,1,52,18,34,88,83,3,2,0
CD Leganés,Forward,20,Santos,552,16,0,5,16,4,0,0,1,0,0,8,1,1,20,1,5,7,0,26,35,13,24,16,11,19,0,0,0,7,14,6,3,3,7,1,0,0,0,0,1,0,0,7,0,12,98,61,37,94,91,3,0,0
CD Leganés,Forward,25,Braithwaite,1.407,19,8,16,11,5,0,0,4,0,0,19,0,3,45,4,3,2,0,37,59,30,50,14,16,24,1,0,2,7,26,8,5,17,16,4,0,2,1,0,1,0,0,2,0,6,176,96,80,241,229,9,3,2
D. Alavés,Goalkeeper,1,Pacheco,3.15,35,35,35,0,3,0,0,0,0,0,46,0,1,275,39,0,0,0,3,1,9,1,0,4,0,0,0,0,0,0,0,0,0,0,0,0,0,0,0,0,0,0,0,0,0,14,4,10,956,179,777,0,0
D. Alavés,Goalkeeper,13,Sivera,270,3,3,3,0,0,0,0,0,0,0,4,0,0,32,5,0,0,0,0,0,2,0,0,0,0,0,0,0,0,0,0,0,0,0,0,0,0,0,0,0,0,0,0,0,0,2,0,2,88,7,81,0,0
D. Alavés,Goalkeeper,31,Álex Domínguez,0,0,0,0,0,0,0,0,0,0,0,0,0,0,0,0,0,0,0,0,0,0,0,0,0,0,0,0,0,0,0,0,0,0,0,0,0,0,0,0,0,0,0,0,0,0,0,0,0,0,0,0,0,0
D. Alavés,Defender,2,Vigaray,646,8,6,7,2,1,0,0,0,0,0,14,1,6,24,20,8,7,0,22,21,13,10,0,4,8,0,0,0,3,1,0,0,3,3,0,0,0,0,0,0,0,0,16,2,15,66,43,23,154,125,29,0,0
D. Alavés,Defender,3,R. Duarte,2.775,33,28,33,5,10,1,0,0,0,0,41,12,57,148,110,35,37,1,136,76,52,45,1,61,35,0,0,0,15,19,8,0,5,5,0,0,0,0,0,0,0,0,75,5,72,309,212,97,920,675,245,0,0
D. Alavés,Defender,4,Ely,431,5,4,5,1,1,0,0,0,0,0,11,7,7,21,27,5,3,0,10,9,26,6,0,2,7,0,1,0,1,2,1,0,0,0,0,0,0,0,0,0,0,0,0,0,8,51,19,32,160,117,43,0,0
D. Alavés,Defender,5,Laguardia,3.24,36,36,36,0,12,0,0,1,0,1,44,19,55,147,224,33,13,2,59,35,80,73,2,14,26,0,1,0,16,16,4,2,0,0,1,0,0,0,0,1,0,1,1,0,46,247,94,153,1.267,899,367,1,1
D. Alavés,Defender,6,Maripán,2.008,23,21,22,2,5,0,0,2,0,0,26,19,40,89,130,26,20,1,55,30,97,38,1,9,16,0,1,0,6,11,4,2,2,2,2,0,0,1,0,1,0,0,0,0,46,220,85,135,708,523,183,2,2
D. Alavés,Defender,15,Ximo Navarro,2.533,31,26,28,5,7,0,0,2,0,0,35,11,47,150,129,35,22,1,105,50,49,42,0,37,18,0,1,1,6,7,3,2,15,6,2,0,1,0,0,1,0,0,43,0,57,246,155,91,823,683,140,0,2
D. Alavés,Defender,17,Adrián Marín,287,6,2,2,4,2,0,0,0,0,0,6,0,7,15,10,8,5,0,16,16,5,2,0,3,11,0,0,2,4,2,0,0,1,4,0,0,0,0,0,0,0,0,2,0,13,39,32,7,82,69,13,0,0
D. Alavés,Defender,21,Martín,2.034,27,18,23,9,5,0,0,0,0,0,30,11,26,116,62,29,16,0,97,62,20,28,0,28,24,0,0,1,9,1,0,0,25,14,0,0,0,0,0,0,0,0,42,0,45,207,159,48,720,598,122,0,0
D. Alavés,Midfielder,,Álex Blanco,14,2,0,0,2,0,0,0,0,0,0,2,0,0,2,0,1,0,0,2,2,0,0,0,0,0,0,0,0,0,0,0,0,1,0,0,0,0,0,0,0,0,0,0,0,1,4,4,0,6,6,0,0,0
D. Alavés,Midfielder,8,T. Pina,2.343,28,23,27,5,13,0,0,2,0,0,34,4,41,219,39,41,23,0,123,108,59,54,1,51,58,0,1,1,36,9,3,0,10,6,2,0,1,1,0,0,0,0,7,0,64,344,231,113,1.054,987,67,0,2
D. Alavés,Midfielder,11,Inui,1.211,20,3,15,17,0,0,0,2,0,0,13,0,5,68,3,8,5,0,62,55,4,8,1,28,13,0,0,1,0,18,9,0,21,12,2,0,1,1,0,0,0,0,32,5,13,129,117,12,347,315,26,6,2
D. Alavés,Midfielder,19,Manu,2.325,34,21,25,13,6,0,0,1,0,1,36,7,24,190,62,48,34,0,145,142,106,71,4,53,62,0,1,4,18,24,6,1,13,6,1,0,0,0,0,1,0,1,16,0,82,464,287,177,933,853,80,0,1
D. Alavés,Midfielder,20,Darko,1.581,24,10,17,14,5,0,0,0,0,0,22,4,13,109,18,16,16,0,59,67,31,31,0,15,34,0,0,1,10,3,1,1,12,4,0,0,0,0,0,0,0,0,12,3,32,188,126,62,619,573,45,1,0
D. Alavés,Midfielder,22,M. Wakaso,1.664,29,12,18,17,9,0,0,1,0,0,21,9,16,138,17,30,16,0,96,82,18,38,1,31,33,0,0,0,17,23,6,1,19,9,0,1,0,1,0,0,0,0,23,2,46,234,178,56,635,522,113,0,1
D. Alavés,Midfielder,23,Jony,2.982,36,17,34,19,3,0,0,5,0,0,37,0,23,186,9,13,8,0,113,196,5,28,13,31,34,0,0,0,5,47,23,10,61,76,3,2,4,0,0,0,2,0,212,96,22,342,309,33,778,634,136,8,3
D. Alavés,Midfielder,32,Paulino De la Fuente,0,0,0,0,0,0,0,0,0,0,0,0,0,0,0,0,0,0,0,0,0,0,0,0,0,0,0,0,0,0,0,0,0,0,0,0,0,0,0,0,0,0,0,0,0,0,0,0,0,0,0,0,0,0
D. Alavés,Midfielder,34,Andrei Lupu,0,0,0,0,0,0,0,0,0,0,0,0,0,0,0,0,0,0,0,0,0,0,0,0,0,0,0,0,0,0,0,0,0,0,0,0,0,0,0,0,0,0,0,0,0,0,0,0,0,0,0,0,0,0
D. Alavés,Forward,9,Rolan,507,15,0,5,15,1,0,0,0,0,0,10,0,4,41,7,8,5,0,45,42,9,10,0,17,10,0,0,1,3,8,2,0,15,10,0,0,0,0,0,0,0,0,9,1,13,106,87,19,166,159,7,0,0
D. Alavés,Forward,10,Guidetti,621,22,1,6,21,2,0,0,2,0,0,13,0,2,16,6,1,3,0,9,23,16,23,0,4,13,0,0,1,3,9,5,1,1,3,2,0,0,2,0,0,0,0,10,0,4,71,32,39,143,138,5,0,1
D. Alavés,Forward,12,Calleri,2.876,34,23,33,11,6,0,0,9,2,0,37,7,7,86,53,13,7,0,123,181,205,237,15,70,70,2,0,6,12,59,20,2,41,26,9,0,0,5,2,4,0,0,48,0,20,746,304,442,689,655,32,2,5
D. Alavés,Forward,14,Burgui,547,16,1,5,15,1,0,0,1,0,0,14,0,0,38,0,6,0,0,28,22,6,2,3,20,10,0,0,0,2,7,2,0,4,7,0,1,0,1,0,0,0,0,8,8,6,58,50,8,197,180,17,0,1
D. Alavés,Forward,18,Borja,1.449,27,3,18,24,4,0,0,5,0,0,25,5,4,40,10,7,9,0,33,81,49,102,12,13,41,0,0,2,7,30,10,1,5,4,5,0,2,2,0,1,0,0,5,0,16,265,114,151,314,304,10,0,3
D. Alavés,Forward,24,Twumasi,159,11,0,0,11,2,0,0,0,0,0,5,0,1,11,2,4,0,0,6,17,5,5,1,1,7,0,0,1,2,3,2,0,1,2,0,0,0,0,0,0,0,0,11,2,4,33,23,10,55,46,9,0,0
FC Barcelona,Goalkeeper,1,Ter Stegen,3.15,35,35,35,0,0,0,0,0,0,0,32,0,2,290,13,0,0,0,3,3,5,0,0,2,0,0,0,0,0,0,0,0,1,0,0,0,0,0,0,0,0,0,0,0,0,11,6,5,886,562,324,0,0
FC Barcelona,Goalkeeper,13,Cillessen,270,3,3,3,0,0,0,0,0,0,0,4,0,0,28,4,0,0,0,0,0,1,0,0,0,0,0,0,0,0,0,0,0,0,0,0,0,0,0,0,0,0,0,0,0,0,1,0,1,97,71,26,0,0
FC Barcelona,Goalkeeper,30,Iñaki Peña,0,0,0,0,0,0,0,0,0,0,0,0,0,0,0,0,0,0,0,0,0,0,0,0,0,0,0,0,0,0,0,0,0,0,0,0,0,0,0,0,0,0,0,0,0,0,0,0,0,0,0,0,0,0
FC Barcelona,Defender,,Jeison Murillo,202,3,2,2,1,0,0,0,0,0,0,2,0,2,6,11,3,1,0,7,6,7,7,0,3,1,0,0,0,0,1,1,0,0,0,0,0,0,0,0,0,0,0,0,0,4,27,13,14,142,121,21,0,0
FC Barcelona,Defender,2,N. Semedo,1.597,26,13,20,13,4,0,0,1,0,0,17,7,22,103,18,27,11,0,84,63,18,14,5,27,22,2,0,0,5,4,2,0,19,12,1,0,1,0,0,0,0,0,17,0,38,179,147,32,1.076,1.028,48,0,1
FC Barcelona,Defender,3,Piqué,3.15,35,35,35,0,6,0,0,4,0,0,30,27,36,277,148,27,15,0,73,46,118,43,2,21,24,1,0,2,9,17,10,2,12,2,4,0,1,0,0,3,0,0,0,0,42,280,119,161,2.39,2.161,229,0,4
FC Barcelona,Defender,6,Todibo,158,2,1,2,1,2,0,0,0,0,0,1,0,3,13,7,2,5,0,10,10,2,2,0,0,4,0,0,0,4,0,0,0,3,1,0,0,0,0,0,0,0,0,0,0,7,24,20,4,118,113,4,1,0
FC Barcelona,Defender,15,Clement Lenglet,1.935,23,19,22,4,8,1,0,1,0,1,19,20,21,106,68,29,18,0,67,45,44,34,1,14,30,0,0,0,17,5,2,0,6,0,1,0,0,0,0,1,0,1,0,0,47,190,112,78,1.145,1.015,127,3,1
FC Barcelona,Defender,18,Jordi Alba,2.988,36,32,32,4,6,0,0,2,0,0,30,6,60,208,56,22,20,0,74,79,18,37,9,19,25,1,0,2,5,9,5,8,15,6,2,0,1,1,0,0,0,0,52,1,42,208,153,55,2.36,2.216,135,9,2
FC Barcelona,Defender,20,S. Roberto,2.088,29,19,23,10,3,0,0,0,0,0,26,3,43,102,25,20,8,1,76,58,28,28,0,33,18,0,1,0,4,9,1,7,15,12,0,0,0,0,0,0,0,0,27,0,28,190,134,56,1.622,1.563,53,6,0
FC Barcelona,Defender,23,Umtiti,1.19,14,12,13,2,4,0,0,0,0,0,16,8,19,82,27,5,3,0,27,20,12,11,2,16,13,0,0,0,4,1,0,1,4,1,0,0,0,0,0,0,0,0,0,0,8,70,47,23,888,845,43,0,0
FC Barcelona,Defender,24,Vermaelen,587,9,5,7,4,2,0,0,0,0,0,8,2,6,29,20,4,2,0,10,11,13,11,0,4,10,0,0,0,6,2,0,0,0,0,0,0,0,0,0,0,0,0,1,0,6,45,21,24,364,344,20,0,0
FC Barcelona,Defender,33,Juan Miranda,0,0,0,0,0,0,0,0,0,0,0,0,0,0,0,0,0,0,0,0,0,0,0,0,0,0,0,0,0,0,0,0,0,0,0,0,0,0,0,0,0,0,0,0,0,0,0,0,0,0,0,0,0,0
FC Barcelona,Defender,38,Guillem Jaime,0,0,0,0,0,0,0,0,0,0,0,0,0,0,0,0,0,0,0,0,0,0,0,0,0,0,0,0,0,0,0,0,0,0,0,0,0,0,0,0,0,0,0,0,0,0,0,0,0,0,0,0,0,0
FC Barcelona,Midfielder,4,I. Rakitić,2.643,34,24,29,10,5,1,1,3,0,0,25,8,51,215,26,24,6,0,101,83,37,20,3,53,27,0,0,3,8,31,11,5,18,11,3,0,0,3,0,0,0,0,18,7,30,241,184,57,2.535,2.326,202,7,2
FC Barcelona,Midfielder,5,Sergio,2.719,35,20,30,15,10,0,0,0,0,0,26,8,54,194,20,60,31,0,151,113,52,53,0,54,38,0,0,2,13,6,0,1,9,6,0,0,0,0,0,0,0,0,2,0,91,369,264,105,2.394,2.199,190,5,0
FC Barcelona,Midfielder,7,Coutinho,2.022,34,8,22,26,2,0,0,5,0,0,19,2,12,81,3,11,5,0,111,118,7,19,8,45,19,1,0,1,1,47,32,2,51,39,4,1,1,4,0,0,0,0,13,65,16,255,229,26,1.388,1.328,51,9,3
FC Barcelona,Midfielder,8,Arthur,1.439,27,0,19,27,2,0,0,0,0,0,15,0,9,109,8,10,5,0,65,36,3,7,0,40,11,0,0,0,3,4,4,1,10,7,0,0,0,0,0,0,0,0,3,4,15,111,101,10,1.28,1.208,66,6,0
FC Barcelona,Midfielder,12,Rafinha,225,5,0,3,5,1,0,0,0,0,0,4,1,1,8,2,6,2,0,16,13,3,3,0,8,7,0,0,0,3,2,0,0,0,0,0,0,0,0,0,0,0,0,2,1,8,35,29,6,145,138,6,1,0
FC Barcelona,Midfielder,21,Aleñá,631,17,1,6,16,2,0,0,2,0,0,8,0,2,38,0,4,3,0,33,35,5,4,1,14,9,0,0,0,4,8,3,0,12,6,2,0,2,0,0,0,0,0,2,1,7,77,68,9,573,534,36,3,2
FC Barcelona,Midfielder,22,Vidal,1.927,33,11,22,22,7,0,0,3,0,0,22,5,29,121,20,44,34,0,115,106,39,34,0,32,58,0,0,6,13,20,9,7,5,3,3,0,0,2,0,1,0,0,6,0,78,294,221,73,1.499,1.406,88,5,2
FC Barcelona,Forward,9,Suárez,2.827,33,27,31,6,5,0,0,21,4,0,29,4,8,69,23,11,7,0,109,139,24,11,27,57,31,3,0,4,9,93,58,6,36,54,18,3,4,16,4,1,0,0,21,0,18,283,248,35,956,881,63,12,6
FC Barcelona,Forward,10,Messi,2.71,3.4,2.8,2.9,6,3,0,0,-36,4,0,25,0,3,69,0,7,5,0,211,198,7,10,17,66,22,0,0,6,4,140,87,13,133,90,-27,9,32,4,4,0,6,0,52,62,12,426,409,17,1.83,1.606,,,9
FC Barcelona,Forward,11,O. Dembélé,1.671,29,2,20,27,1,0,0,8,0,0,13,0,5,64,2,15,8,0,112,119,8,10,9,22,22,0,0,1,1,33,17,5,67,43,8,0,5,3,0,0,0,0,57,54,23,249,231,18,910,867,34,9,6

FC Barcelona,Forward,14,Malcom,608,15,3,6,12,0,0,0,1,0,0,10,0,1,24,1,2,1,0,23,17,4,11,8,9,5,0,0,0,0,10,6,2,11,5,1,0,0,0,0,1,0,0,10,8,3,55,40,15,305,300,5,0,1

FC Barcelona,Forward,19,Kevin-Prince Boateng,240,3,2,3,1,1,0,0,0,0,0,2,0,1,5,4,2,1,0,11,15,4,6,3,9,3,0,0,0,0,3,1,0,0,1,0,0,0,0,0,0,0,0,0,0,3,36,26,10,60,59,1,0,0

Getafe CF,Goalkeeper,1,Chichizola,90,1,1,1,0,0,0,0,0,0,0,1,0,0,9,1,0,0,0,0,0,1,0,0,1,0,0,0,0,0,0,0,0,0,0,0,0,0,0,0,0,0,0,0,0,0,1,0,1,24,4,20,0,0
Getafe CF,Goalkeeper,13,David Soria,3.33,37,37,37,0,0,0,0,0,0,0,34,0,1,366,45,0,1,1,4,1,10,2,0,2,0,0,0,0,0,0,0,0,1,0,0,0,0,0,0,0,0,1,0,0,1,17,5,12,1.037,49,988,0,0
Getafe CF,Goalkeeper,25,R. Yáñez,0,0,0,0,0,0,0,0,0,0,0,0,0,0,0,0,0,0,0,0,0,0,0,0,0,0,0,0,0,0,0,0,0,0,0,0,0,0,0,0,0,0,0,0,0,0,0,0,0,0,0,0,0,0
Getafe CF,Defender,2,Djené,2.98,34,28,34,6,10,2,1,0,0,0,31,11,74,265,150,34,20,0,98,72,89,77,0,30,51,1,3,4,26,9,1,0,16,3,0,0,0,0,0,0,0,0,8,0,54,336,170,166,974,729,245,0,0
Getafe CF,Defender,3,Antunes,2.182,28,21,25,7,5,0,0,1,0,0,21,7,43,151,58,26,15,0,81,77,23,37,1,20,37,0,0,3,10,23,6,3,22,12,0,1,1,0,0,0,0,0,108,46,41,218,158,60,789,548,241,0,1
Getafe CF,Defender,4,Bruno,1.697,23,17,18,6,5,1,1,0,0,0,15,6,22,89,110,10,13,0,38,33,52,45,0,13,24,0,1,1,11,5,1,1,3,0,0,0,0,0,0,0,0,0,5,0,23,168,71,97,500,389,111,0,0
Getafe CF,Defender,6,Cabrera,2.793,32,30,31,2,9,1,1,2,0,1,33,16,52,137,214,26,22,0,63,53,159,71,2,14,35,0,0,1,18,18,7,0,2,3,2,0,0,0,0,2,0,1,29,0,48,346,116,230,960,563,397,0,2
Getafe CF,Defender,17,Olivera,1.01,14,6,12,8,4,1,1,0,0,0,10,2,10,66,18,17,7,0,56,49,43,49,1,23,15,0,0,0,10,3,3,1,10,13,0,0,0,0,0,0,0,0,18,0,24,197,105,92,315,281,33,1,0
Getafe CF,Defender,21,Miquel,317,7,3,4,4,1,0,0,0,0,0,1,4,5,21,24,0,1,0,4,7,7,7,0,1,6,0,0,0,2,0,0,0,2,0,0,0,0,0,0,0,0,0,1,0,1,25,11,14,91,53,37,1,0
Getafe CF,Defender,22,Damián Suárez,3.24,36,36,36,0,12,0,0,0,0,0,34,6,46,246,51,62,34,0,171,165,33,41,2,55,57,0,0,2,21,9,1,3,22,21,0,0,0,0,0,0,0,0,127,84,96,410,336,74,1.323,968,354,1,0
Getafe CF,Defender,24,Foulquier,1.809,25,11,23,14,7,0,0,3,0,0,19,2,20,104,29,12,17,0,78,124,26,59,2,25,49,0,0,0,14,9,4,2,26,30,3,0,1,1,0,1,0,0,26,0,29,287,202,85,398,347,51,0,2
Getafe CF,Defender,29,Miguel Ángel Rubio,0,0,0,0,0,0,0,0,0,0,0,0,0,0,0,0,0,0,0,0,0,0,0,0,0,0,0,0,0,0,0,0,0,0,0,0,0,0,0,0,0,0,0,0,0,0,0,0,0,0,0,0,0,0
Getafe CF,Midfielder,5,M. Bergara,50,3,0,0,3,0,0,0,0,0,0,2,0,1,5,2,2,0,0,2,3,1,3,0,0,1,0,0,0,0,0,0,0,0,1,0,0,0,0,0,0,0,0,0,0,2,9,5,4,17,16,1,0,0
Getafe CF,Midfielder,8,Portillo,1.991,32,10,19,22,3,1,0,1,0,0,23,0,17,132,3,16,10,0,99,129,6,35,2,36,30,0,0,3,4,7,5,4,39,34,1,0,1,0,0,0,0,0,37,10,26,269,228,41,749,690,48,11,1
Getafe CF,Midfielder,10,Gaku,389,7,2,5,5,0,0,0,0,0,0,6,0,3,32,4,3,4,0,13,22,5,4,0,3,6,0,0,0,0,4,1,0,4,3,0,0,0,0,0,0,0,0,16,5,7,44,35,9,116,103,11,2,0
Getafe CF,Midfielder,11,Samu Sáiz,299,10,0,2,10,2,0,0,1,0,0,4,0,0,19,2,3,1,0,22,15,2,9,1,3,3,0,0,1,1,6,4,0,15,9,1,0,0,1,0,0,0,0,4,6,4,48,37,11,132,115,17,0,1
Getafe CF,Midfielder,15,S. Cristóforo,442,15,2,4,13,3,0,0,0,0,0,1,0,9,27,5,8,8,0,34,32,9,18,0,17,13,1,0,1,7,1,1,2,3,7,0,0,0,0,0,0,0,0,5,3,16,93,66,27,143,119,24,0,0
Getafe CF,Midfielder,16,Mathieu Flamini,449,10,2,4,8,5,0,0,0,0,0,8,1,5,28,4,4,5,0,15,17,15,7,0,6,15,0,0,1,8,0,0,0,0,1,0,0,0,0,0,0,0,0,0,0,9,54,32,22,135,121,14,0,0
Getafe CF,Midfielder,18,Arambarri,2.685,33,20,32,13,8,0,0,1,0,1,25,9,30,166,33,32,26,0,146,153,56,46,1,57,65,1,1,4,23,23,9,2,34,16,0,1,0,1,0,0,0,1,22,2,58,401,299,102,739,548,189,2,1
Getafe CF,Midfielder,20,Maksimovic,3.211,36,34,36,2,5,0,0,1,0,0,33,15,71,166,29,45,32,0,98,87,83,82,1,11,19,0,1,1,4,24,7,0,10,10,1,0,0,0,0,1,0,0,4,0,77,350,185,165,769,698,71,0,1
Getafe CF,Midfielder,27,Hugo Duro,414,11,1,5,10,0,0,0,0,0,0,5,1,3,18,3,4,2,0,26,19,10,12,0,17,9,1,0,0,0,4,1,0,5,6,0,0,0,0,0,0,0,0,4,1,6,67,45,22,59,59,0,0,0
Getafe CF,Forward,7,Mata,2.436,34,16,27,18,10,0,0,14,4,0,24,0,17,100,27,21,9,0,91,137,99,116,30,52,79,0,0,12,26,49,25,6,12,22,14,0,0,14,4,0,0,0,55,0,30,443,228,215,649,609,38,2,8
Getafe CF,Forward,9,Ángel ,1.82,37,3,20,34,4,0,0,8,0,0,16,1,8,59,8,7,9,0,57,99,31,68,35,35,42,0,1,8,7,50,21,3,11,15,7,1,2,6,0,0,0,0,27,0,16,255,156,99,317,286,27,4,5
Getafe CF,Forward,19,Jorge Molina,2.647,38,16,28,22,2,0,0,14,2,0,27,0,7,98,25,9,3,0,89,134,93,163,21,45,47,0,0,6,6,39,24,5,34,34,11,3,5,9,2,0,0,0,17,0,12,479,223,256,735,701,20,14,10
Girona FC,Goalkeeper,,J. Suárez,0,0,0,0,0,0,0,0,0,0,0,0,0,0,0,0,0,0,0,0,0,0,0,0,0,0,0,0,0,0,0,0,0,0,0,0,0,0,0,0,0,0,0,0,0,0,0,0,0,0,0,0,0,0
Girona FC,Goalkeeper,1,Iraizoz,558,7,6,6,1,0,0,0,0,0,0,10,0,1,64,10,0,1,1,2,0,3,1,0,0,0,0,0,0,0,0,0,0,1,0,0,0,0,0,0,0,0,0,0,0,1,6,2,4,187,60,127,0,0
Girona FC,Goalkeeper,13,Bono,2.862,32,31,32,1,2,0,0,0,0,1,43,0,1,263,15,0,0,0,4,3,5,0,0,3,0,0,0,0,0,1,0,0,1,0,0,0,0,0,0,0,0,1,0,0,0,12,7,5,849,311,538,0,0
Girona FC,Defender,2,Bernardo,2.729,31,29,31,2,2,2,2,1,0,0,43,31,41,128,194,14,6,0,29,38,131,71,3,6,33,0,1,1,14,15,7,1,3,0,1,0,0,0,0,1,0,0,0,0,20,269,67,202,1.392,1.209,183,0,1
Girona FC,Defender,3,Johan Mojica,19,1,0,0,1,0,0,0,0,0,0,1,0,0,1,0,1,0,0,2,0,0,0,0,1,0,0,0,0,0,0,0,0,0,0,0,0,0,0,0,0,0,0,2,0,1,2,2,0,6,3,3,0,0
Girona FC,Defender,4,Ramalho,1.619,22,13,18,9,4,0,0,1,0,1,21,11,16,83,73,6,7,0,26,34,28,25,0,11,15,0,2,1,5,5,2,0,4,7,1,0,0,0,0,1,0,1,30,0,13,113,60,53,716,624,92,0,1
Girona FC,Defender,5,Alcalá,1.868,25,18,20,7,9,0,0,1,0,0,32,18,36,106,120,23,9,1,45,33,88,48,2,13,21,0,0,0,13,12,3,1,4,1,1,0,0,0,0,1,0,0,3,0,32,214,78,136,863,704,159,0,1
Girona FC,Defender,11,Aday Benítez,647,10,4,8,6,2,0,0,0,0,0,10,0,7,24,15,8,1,0,22,10,3,6,0,8,6,0,1,3,3,5,3,2,6,3,0,0,0,0,0,0,0,0,46,9,9,41,32,9,219,188,31,0,0
Girona FC,Defender,14,Raúl C.,1.234,15,10,14,5,2,0,0,0,0,0,19,6,18,68,55,18,11,0,53,33,23,18,1,14,15,0,0,0,6,4,1,1,10,4,0,0,0,0,0,0,0,0,64,2,30,127,86,41,424,354,70,0,0
Girona FC,Defender,15,Juanpe,2.769,33,29,31,4,8,0,0,0,0,0,44,15,57,140,131,26,22,0,66,56,108,61,2,10,38,0,1,0,15,18,6,0,10,2,0,0,0,0,0,0,0,0,4,0,48,291,122,169,1.548,1.299,249,0,0
Girona FC,Defender,20,Muniesa,1.403,19,13,15,6,6,0,0,0,0,0,24,6,37,93,40,34,15,0,78,40,31,30,0,20,21,0,1,0,10,6,1,0,11,1,0,0,0,0,0,0,0,0,17,0,49,179,118,61,765,659,104,2,0
Girona FC,Defender,21,Planas,418,7,2,4,5,3,0,0,0,0,0,3,0,4,25,12,6,6,0,15,14,6,8,0,2,5,0,0,0,4,1,0,1,1,2,0,0,0,0,0,0,0,0,14,0,12,43,29,14,184,160,24,0,0
Girona FC,Defender,28,Èric Montes,0,0,0,0,0,0,0,0,0,0,0,0,0,0,0,0,0,0,0,0,0,0,0,0,0,0,0,0,0,0,0,0,0,0,0,0,0,0,0,0,0,0,0,0,0,0,0,0,0,0,0,0,0,0
Girona FC,Midfielder,,Kevin Soni,78,5,0,1,5,1,0,0,0,0,0,2,0,1,7,0,2,1,0,11,17,2,3,0,2,6,0,0,0,4,3,1,0,6,4,0,0,0,0,0,0,0,0,2,0,3,33,28,5,22,21,1,0,0
Girona FC,Midfielder,,Paik,58,3,0,0,3,0,0,0,0,0,0,0,0,3,3,1,0,0,0,2,4,1,2,0,2,0,0,0,0,0,0,0,0,0,1,0,0,0,0,0,0,0,0,0,0,0,9,6,3,20,17,3,0,0
Girona FC,Midfielder,,Yhoan Andzouana,0,0,0,0,0,0,0,0,0,0,0,0,0,0,0,0,0,0,0,0,0,0,0,0,0,0,0,0,0,0,0,0,0,0,0,0,0,0,0,0,0,0,0,0,0,0,0,0,0,0,0,0,0,0
Girona FC,Midfielder,6,Granell,2.392,32,20,26,12,5,0,0,0,0,0,40,5,35,164,31,28,36,0,130,118,33,32,1,48,33,0,0,1,8,33,7,4,21,10,0,0,0,0,0,0,0,0,112,66,64,313,248,65,1.306,1.069,234,3,0
Girona FC,Midfielder,8,Pere Pons,2.796,34,25,32,9,4,0,0,1,0,0,42,12,35,178,35,46,37,0,156,179,51,70,0,49,70,0,1,5,12,17,7,2,27,26,1,0,0,1,0,0,0,0,11,0,83,456,335,121,1.184,1.1,81,3,1
Girona FC,Midfielder,10,Borja García,2.636,33,19,30,14,0,1,0,1,0,0,38,2,38,206,14,27,12,0,176,112,23,34,4,103,19,0,0,3,1,24,14,3,37,24,1,0,0,1,0,0,0,0,37,8,39,345,288,57,1.288,1.132,135,21,1
Girona FC,Midfielder,12,Douglas Luiz,1.487,23,12,16,11,7,0,0,0,0,0,22,7,21,136,23,19,15,0,87,90,26,20,0,30,47,0,1,3,25,10,0,0,23,2,0,0,0,0,0,0,0,0,12,4,34,223,177,46,728,621,106,1,0
Girona FC,Midfielder,17,Roberts,594,19,0,6,19,0,0,0,0,0,0,9,0,3,23,2,6,1,0,43,51,1,4,2,9,0,0,0,0,0,7,5,0,27,22,0,0,0,0,0,0,0,0,8,0,7,99,94,5,174,164,9,1,0
Girona FC,Midfielder,23,Aleix García,1.665,31,6,20,25,1,0,0,2,0,0,24,6,21,120,13,19,18,0,68,63,17,29,1,19,12,0,0,0,0,13,5,1,13,10,0,2,0,2,0,0,1,0,33,48,37,177,131,46,1.073,950,121,2,1
Girona FC,Midfielder,24,Pedro Porro,2.212,32,16,25,16,3,0,0,0,0,0,33,2,39,179,39,31,21,0,117,114,18,37,0,35,24,0,0,1,6,17,6,4,30,29,0,0,0,0,0,0,0,0,124,0,52,286,231,55,865,725,139,1,0
Girona FC,Midfielder,34,Valery Fernández,884,17,5,10,12,2,0,0,0,0,0,18,1,8,52,5,15,5,0,54,31,8,13,0,15,8,0,0,0,4,1,1,1,19,7,0,0,0,0,0,0,0,0,26,0,20,106,85,21,279,261,18,0,0
Girona FC,Midfielder,37,Álex Pachón,0,0,0,0,0,0,0,0,0,0,0,0,0,0,0,0,0,0,0,0,0,0,0,0,0,0,0,0,0,0,0,0,0,0,0,0,0,0,0,0,0,0,0,0,0,0,0,0,0,0,0,0,0,0
Girona FC,Forward,7,Stuani,2.731,32,26,30,6,9,0,0,19,5,0,40,1,4,60,36,13,10,0,108,137,117,125,24,74,89,2,0,5,33,67,39,0,14,15,19,0,2,11,5,6,0,0,3,0,23,487,245,242,503,489,14,0,8
Girona FC,Forward,9,Portu,2.833,34,20,33,14,3,0,0,9,1,0,47,1,9,104,1,24,9,0,105,156,26,83,11,42,26,0,0,2,2,33,19,2,32,38,9,0,0,8,1,1,0,0,72,0,33,370,261,109,621,593,24,4,6
Girona FC,Forward,19,Lozano,725,20,0,7,20,4,1,0,0,0,0,9,1,0,28,4,5,1,0,21,69,24,34,5,10,42,1,0,0,17,19,11,0,5,9,0,0,0,0,0,0,0,0,10,0,6,148,90,58,180,167,12,1,0
Girona FC,Forward,22,Doumbia,535,17,1,5,16,2,0,0,2,0,0,9,0,3,16,1,1,4,0,22,31,5,37,4,5,10,0,0,0,4,13,9,0,12,5,2,0,0,1,0,1,0,0,1,0,5,95,53,42,70,68,2,0,2
Levante UD,Goalkeeper,1,Koke,90,1,1,1,0,0,0,0,0,0,0,2,0,0,6,0,0,0,0,0,0,0,0,0,0,0,0,0,0,0,0,0,0,0,0,0,0,0,0,0,0,0,0,0,0,0,0,0,0,20,12,8,0,0
Levante UD,Goalkeeper,13,Oier,1.89,21,21,21,0,1,0,0,0,0,0,40,0,1,184,27,1,0,0,3,1,4,1,0,2,0,0,0,0,0,0,0,0,0,0,0,0,0,0,0,0,0,0,0,0,1,9,4,5,478,121,357,0,0
Levante UD,Goalkeeper,25,Aitor Fdez.,1.44,16,16,16,0,0,0,0,0,0,0,24,0,1,148,16,0,1,0,2,0,5,0,0,4,0,0,0,0,0,0,0,0,0,0,0,0,0,0,0,0,0,1,0,0,1,7,2,5,374,98,276,0,0
Levante UD,Defender,,Jordi,0,0,0,0,0,0,0,0,0,0,0,0,0,0,0,0,0,0,0,0,0,0,0,0,0,0,0,0,0,0,0,0,0,0,0,0,0,0,0,0,0,0,0,0,0,0,0,0,0,0,0,0,0,0
Levante UD,Defender,3,Toño,1.767,21,17,21,4,4,0,0,1,0,1,25,5,14,107,28,13,4,0,66,70,8,15,9,18,11,0,1,0,3,12,4,2,32,32,1,0,1,0,0,0,0,1,49,2,17,159,136,23,635,558,77,0,1
Levante UD,Defender,4,Rober Pier,2.855,33,31,32,2,6,0,0,1,0,1,58,36,51,191,123,29,12,0,62,53,62,68,1,13,28,0,1,2,10,7,1,0,10,0,1,0,1,0,0,0,0,1,1,0,41,245,115,130,1.095,909,186,0,1
Levante UD,Defender,6,Chema R.,1.251,19,9,13,10,7,0,0,2,0,0,23,11,19,51,82,19,8,0,33,24,32,18,0,5,19,0,0,0,10,5,2,0,2,0,1,1,1,1,0,0,0,0,0,0,27,107,57,50,371,278,93,0,1
Levante UD,Defender,12,Coke,1.815,27,14,19,13,2,1,1,4,0,0,34,9,40,113,52,27,17,0,86,85,25,39,1,31,26,0,0,0,4,11,6,0,12,18,4,0,0,2,0,2,0,0,44,0,44,235,171,64,746,642,103,1,4
Levante UD,Defender,14,Rubén Vezo,1.534,19,16,17,3,6,0,0,2,0,0,21,21,21,77,94,18,10,0,45,34,34,33,1,15,19,0,0,0,7,6,3,1,6,4,2,0,0,0,0,2,0,0,8,0,28,146,79,67,583,477,106,0,2
Levante UD,Defender,15,Postigo,1.45,21,12,17,9,4,1,0,1,0,0,30,12,20,75,78,15,10,1,29,20,20,29,0,4,12,0,0,0,4,3,2,1,0,2,1,0,1,0,0,0,0,0,0,0,25,98,49,49,493,385,107,1,1
Levante UD,Defender,18,E. Cabaco,1.638,21,12,20,9,9,2,1,2,0,0,35,14,29,69,65,13,9,0,35,52,39,36,1,13,33,0,1,1,20,8,3,0,1,2,2,0,0,1,0,1,0,0,2,0,22,162,87,75,695,535,160,0,2
Levante UD,Defender,19,Pedro López,463,8,2,4,6,1,0,0,0,0,0,11,3,8,26,7,3,2,0,21,18,5,5,0,12,7,0,0,1,0,1,1,1,5,7,0,0,0,0,0,0,0,0,14,0,5,49,39,10,175,151,24,0,0
Levante UD,Defender,22,Antonio Luna,1.259,16,11,14,5,4,0,0,0,0,0,27,7,15,99,36,10,4,0,33,42,13,8,0,12,14,0,0,1,5,1,1,2,7,4,0,0,0,0,0,0,0,0,51,1,14,96,75,21,477,412,64,1,0
Levante UD,Midfielder,5,Doukouré C.,313,9,1,3,8,1,0,0,0,0,0,10,2,3,15,3,7,6,0,21,29,4,11,0,6,13,0,1,0,5,1,1,0,2,1,0,0,0,0,0,0,0,0,1,0,13,65,50,15,109,104,5,0,0
Levante UD,Midfielder,10,Bardhi,2.841,36,23,31,13,6,0,0,3,0,0,51,3,31,198,33,43,27,0,159,198,11,27,5,47,61,1,1,5,10,50,18,4,43,29,2,1,1,2,0,0,1,0,44,33,70,395,357,38,1.103,981,119,3,1
Levante UD,Midfielder,11,J. Morales,3.197,37,32,35,5,7,0,0,12,3,0,62,1,12,128,11,15,6,0,142,230,15,41,22,52,31,3,0,2,11,48,33,5,69,76,12,0,2,9,3,1,0,0,70,3,22,428,372,56,695,631,60,4,7
Levante UD,Midfielder,16,Rochina,1.812,27,4,23,23,9,2,2,4,0,0,31,0,21,130,17,33,18,2,168,190,25,21,1,53,49,0,0,0,28,30,12,5,65,27,2,2,4,0,0,0,0,0,49,39,51,404,358,46,941,740,186,15,3
Levante UD,Midfielder,17,Vukčević,670,16,1,9,15,3,1,1,0,0,0,9,5,10,39,16,18,7,0,38,37,17,9,0,11,21,0,1,1,7,0,0,1,4,0,0,0,0,0,0,0,0,0,0,0,25,101,75,26,244,223,20,1,0
Levante UD,Midfielder,23,Jason,2.331,30,19,26,11,10,0,0,2,0,0,39,4,47,139,25,25,19,0,123,159,34,32,3,51,26,0,1,1,11,25,9,5,29,49,2,0,0,0,0,2,0,0,60,8,44,348,282,66,650,576,71,3,1
Levante UD,Midfielder,24,J. Campaña,3.213,36,33,36,3,12,0,0,4,0,0,61,7,48,268,44,45,20,0,144,161,44,46,4,35,42,0,1,1,19,14,9,9,47,32,3,1,2,2,0,0,0,0,50,115,65,395,305,90,1.857,1.695,161,1,3
Levante UD,Midfielder,27,Fran Manzanara,155,4,1,1,3,0,0,0,0,0,0,7,2,1,5,7,5,2,0,8,1,5,4,0,1,1,0,0,0,0,1,0,0,0,0,0,0,0,0,0,0,0,0,0,0,7,18,9,9,67,63,4,0,0
Levante UD,Midfielder,31,Arturo Molina,0,0,0,0,0,0,0,0,0,0,0,0,0,0,0,0,0,0,0,0,0,0,0,0,0,0,0,0,0,0,0,0,0,0,0,0,0,0,0,0,0,0,0,0,0,0,0,0,0,0,0,0,0,0
Levante UD,Forward,2,B. Mayoral,1.614,29,10,16,19,1,0,0,3,0,0,34,1,6,64,5,4,5,0,62,90,23,46,16,33,16,0,0,4,1,21,15,2,22,19,3,0,1,2,0,0,0,0,5,0,10,221,152,69,387,366,19,2,2
Levante UD,Forward,7,Moses,779,19,3,8,16,1,0,0,1,0,0,12,1,12,47,8,8,6,1,40,45,3,9,0,6,8,0,1,1,1,10,5,1,20,15,1,0,1,0,0,0,0,0,29,0,14,97,85,12,213,186,26,1,1
Levante UD,Forward,9,Roger,1.894,31,9,23,22,4,0,0,13,2,0,41,1,4,48,8,6,2,0,47,85,25,56,8,32,38,1,0,3,4,56,30,0,11,16,13,0,2,10,2,1,0,0,17,0,9,213,132,81,347,320,24,3,8
Levante UD,Forward,20,Dwamena,213,12,1,1,11,0,0,0,0,0,0,5,1,0,5,2,0,0,0,8,10,6,13,4,6,8,1,0,3,0,4,2,1,2,4,0,0,0,0,0,0,0,0,3,0,0,37,18,19,41,38,3,0,0
R. Valladolid CF,Goalkeeper,1,Masip,3.15,35,35,35,0,1,0,0,0,0,0,45,0,1,316,13,1,0,0,2,0,4,2,0,1,0,0,0,0,0,0,0,0,0,0,0,0,0,0,0,0,0,0,0,0,1,8,2,6,983,154,829,0,0
R. Valladolid CF,Goalkeeper,13,Yoel,270,3,3,3,0,0,0,0,0,0,0,6,0,0,27,1,0,0,0,0,0,0,0,0,0,0,0,0,0,0,0,0,0,0,0,0,0,0,0,0,0,0,0,0,0,0,0,0,0,92,16,76,0,0
R. Valladolid CF,Defender,2,Joaquín,836,13,8,9,5,2,0,0,1,0,1,16,7,17,36,45,9,7,1,23,15,38,22,0,8,8,0,0,0,2,7,2,0,0,0,1,0,0,0,0,1,0,1,0,0,16,98,38,60,308,267,41,0,1
R. Valladolid CF,Defender,3,Moisés,270,3,3,3,0,1,0,0,0,0,0,6,1,3,12,9,6,1,0,12,6,3,4,0,3,4,0,0,0,2,2,0,0,2,0,0,0,0,0,0,0,0,0,10,0,7,25,18,7,74,65,9,0,0
R. Valladolid CF,Defender,4,K. Olivas,3.102,35,33,35,2,6,0,0,0,0,0,45,18,46,201,166,38,13,0,103,47,67,64,1,37,17,0,3,3,7,5,1,0,19,0,0,0,0,0,0,0,0,0,0,0,51,281,150,131,1.349,1.196,152,1,0
R. Valladolid CF,Defender,5,Calero,3.13,36,34,35,2,7,0,0,1,0,0,46,31,55,160,164,31,20,2,73,51,70,92,0,12,35,0,2,1,11,8,2,0,11,0,1,0,0,0,0,1,0,0,4,0,52,286,124,162,1.45,1.221,229,0,1
R. Valladolid CF,Defender,17,Moyano,2.106,27,14,25,13,3,0,0,0,0,0,22,9,25,110,74,17,9,1,53,34,27,35,0,22,8,0,0,0,3,5,2,0,7,1,0,0,0,0,0,0,0,0,34,0,26,149,87,62,714,575,139,0,0
R. Valladolid CF,Defender,18,Antoñito,1.854,30,16,18,14,5,0,0,2,0,0,36,8,18,84,21,21,14,0,67,88,14,23,5,12,29,0,0,1,9,6,2,1,22,18,1,1,0,2,0,0,0,0,93,0,35,192,155,37,650,565,84,1,2
R. Valladolid CF,Defender,22,Nacho,3.15,35,35,35,0,10,0,0,1,0,0,45,10,45,183,81,66,44,1,157,76,30,38,6,36,29,0,0,5,12,12,6,3,12,10,0,1,1,0,0,0,0,0,148,2,110,301,233,68,1.378,1.08,294,4,1
R. Valladolid CF,Defender,28,Salisu,0,0,0,0,0,0,0,0,0,0,0,0,0,0,0,0,0,0,0,0,0,0,0,0,0,0,0,0,0,0,0,0,0,0,0,0,0,0,0,0,0,0,0,0,0,0,0,0,0,0,0,0,0,0
R. Valladolid CF,Defender,34,Roberto Corral,0,0,0,0,0,0,0,0,0,0,0,0,0,0,0,0,0,0,0,0,0,0,0,0,0,0,0,0,0,0,0,0,0,0,0,0,0,0,0,0,0,0,0,0,0,0,0,0,0,0,0,0,0,0
R. Valladolid CF,Defender,38,Javier Aparicio,0,0,0,0,0,0,0,0,0,0,0,0,0,0,0,0,0,0,0,0,0,0,0,0,0,0,0,0,0,0,0,0,0,0,0,0,0,0,0,0,0,0,0,0,0,0,0,0,0,0,0,0,0,0
R. Valladolid CF,Midfielder,,Hervías,341,6,1,4,5,1,0,0,0,0,0,6,0,2,14,0,1,1,0,16,16,3,4,0,8,3,0,0,1,1,6,2,1,6,5,0,0,0,0,0,0,0,0,30,16,2,39,32,7,99,92,7,0,0
R. Valladolid CF,Midfielder,6,Luismi,0,0,0,0,0,0,0,0,0,0,0,0,0,0,0,0,0,0,0,0,0,0,0,0,0,0,0,0,0,0,0,0,0,0,0,0,0,0,0,0,0,0,0,0,0,0,0,0,0,0,0,0,0,0
R. Valladolid CF,Midfielder,7,Waldo,493,8,1,5,7,1,0,0,1,0,0,4,0,1,24,7,2,2,0,13,19,2,10,4,2,7,0,0,0,1,11,7,0,7,5,0,1,0,1,0,0,0,0,12,0,4,44,32,12,130,114,15,1,1
R. Valladolid CF,Midfielder,8,Borja,839,19,5,10,14,4,0,0,0,0,0,17,2,14,55,25,13,4,0,23,28,38,24,1,6,17,0,0,1,6,4,1,0,1,0,0,0,0,0,0,0,0,0,2,0,17,113,51,62,379,314,64,1,0
R. Valladolid CF,Midfielder,10,Óscar Plano,2.696,33,23,30,10,8,0,0,3,0,0,47,3,22,132,20,45,18,0,152,150,36,64,8,66,68,2,2,2,25,37,14,4,25,16,3,0,2,0,0,1,0,0,32,32,63,402,302,100,771,714,56,1,2
R. Valladolid CF,Midfielder,11,Verde,641,22,2,4,20,1,0,0,2,1,0,14,0,7,32,3,3,3,0,26,33,1,5,8,11,3,0,0,2,1,20,9,0,9,12,1,1,2,0,1,0,1,0,40,33,6,65,59,6,232,212,19,1,2
R. Valladolid CF,Midfielder,14,Rubén Alcaraz,2.978,34,31,34,3,13,0,0,3,0,0,43,10,38,268,47,54,42,0,226,169,50,68,1,109,69,0,0,2,35,34,11,2,22,7,0,3,0,3,0,0,2,0,27,14,96,513,395,118,1.712,1.4,310,2,2
R. Valladolid CF,Midfielder,19,Toni,1.774,26,5,21,21,3,0,0,2,0,0,23,0,12,108,6,32,19,0,143,147,3,19,3,41,28,0,0,0,6,26,14,2,51,32,2,0,0,2,0,0,0,0,42,1,51,312,290,22,551,521,30,0,2
R. Valladolid CF,Midfielder,21,Míchel,2.551,35,20,27,15,9,0,0,1,0,0,35,4,43,228,25,38,22,0,101,128,24,47,4,22,43,0,1,1,19,18,5,2,21,8,0,1,0,1,0,0,0,0,67,102,60,300,229,71,1.604,1.364,237,3,1
R. Valladolid CF,Midfielder,23,Anuar,1.082,19,5,12,14,6,0,0,1,0,0,13,1,11,53,23,19,14,0,52,47,26,33,4,15,29,0,0,2,10,8,4,0,4,2,1,0,1,0,0,0,0,0,2,1,33,158,99,59,395,364,30,1,0
R. Valladolid CF,Midfielder,24,Keko Gontán,1.543,26,3,20,23,3,0,0,2,0,0,23,1,14,91,8,18,24,0,91,104,11,29,14,21,32,0,1,3,5,21,11,1,29,23,2,0,0,2,0,0,0,0,98,8,42,235,195,40,416,374,42,0,1
R. Valladolid CF,Midfielder,27,Miguel De la Fuente,11,2,0,0,2,0,0,0,0,0,0,0,0,1,0,0,0,0,0,1,1,1,2,0,1,0,0,0,0,0,2,1,0,0,0,0,0,0,0,0,0,0,0,0,0,0,5,2,3,6,6,0,0,0
R. Valladolid CF,Midfielder,31,Pablo Muñoz,0,0,0,0,0,0,0,0,0,0,0,0,0,0,0,0,0,0,0,0,0,0,0,0,0,0,0,0,0,0,0,0,0,0,0,0,0,0,0,0,0,0,0,0,0,0,0,0,0,0,0,0,0,0
R. Valladolid CF,Midfielder,37,Hacen,2,1,0,0,1,0,0,0,0,0,0,0,0,1,2,1,0,0,0,1,0,0,0,0,1,0,0,0,0,0,0,0,0,0,0,0,0,0,0,0,0,0,0,0,0,0,1,1,0,2,1,1,0,0
R. Valladolid CF,Forward,9,Enes Ünal,2.15,33,11,24,22,7,0,0,6,3,0,30,4,2,67,18,10,7,0,71,113,102,149,17,39,42,0,0,3,14,38,16,3,18,20,6,0,0,4,3,2,0,0,8,0,17,435,184,251,524,502,20,2,3
R. Valladolid CF,Forward,12,Sergi Guardiola,1.544,20,15,17,5,0,0,0,3,0,0,26,0,5,41,17,12,8,0,72,97,44,85,14,33,38,3,0,3,0,37,16,1,19,20,3,0,2,0,0,0,0,0,21,0,20,298,169,129,357,332,23,2,2
R. Valladolid CF,Forward,20,Duje Cop,679,18,3,6,15,2,0,0,0,0,0,13,3,3,15,2,4,1,0,13,24,15,34,3,8,6,1,0,0,4,12,5,0,1,6,0,0,0,0,0,0,0,0,6,0,5,86,37,49,169,165,4,0,0
R. Valladolid CF,Forward,42,Stiven ,36,2,0,0,2,0,0,0,0,0,0,0,0,0,0,0,0,0,0,3,2,0,3,0,3,1,0,0,0,0,0,0,0,0,0,0,0,0,0,0,0,0,0,0,0,0,8,5,3,6,6,0,0,0
Rayo Vallecano,Goalkeeper,1,Alberto G.,1.53,17,17,17,0,1,0,0,0,0,0,35,0,2,142,5,1,0,0,3,2,1,0,0,2,0,0,0,0,0,0,0,0,0,0,0,0,0,0,0,0,0,0,0,0,1,6,5,1,471,178,293,0,0
Rayo Vallecano,Goalkeeper,13,Dimitrievski,1.89,21,21,21,0,3,0,0,0,0,0,35,0,0,203,17,0,0,0,6,1,6,0,0,4,1,0,0,1,0,0,0,0,0,0,0,0,0,0,0,0,0,0,0,0,0,13,7,6,525,167,358,0,0
Rayo Vallecano,Goalkeeper,30,Miguel Ángel Morro,0,0,0,0,0,0,0,0,0,0,0,0,0,0,0,0,0,0,0,0,0,0,0,0,0,0,0,0,0,0,0,0,0,0,0,0,0,0,0,0,0,0,0,0,0,0,0,0,0,0,0,0,0,0
Rayo Vallecano,Defender,,Alejandro Catena,177,2,1,2,1,1,0,0,0,0,0,4,2,8,7,8,4,0,0,6,3,6,4,0,2,4,0,1,1,3,3,1,0,0,0,0,0,0,0,0,0,0,0,0,0,4,19,9,10,99,85,14,0,0
Rayo Vallecano,Defender,,Sergio Akieme,180,2,2,2,0,0,0,0,0,0,1,4,0,1,8,5,3,0,1,7,5,1,6,0,2,2,0,0,0,0,0,0,1,2,0,0,0,0,0,0,0,0,1,8,0,3,19,12,7,65,57,8,0,0
Rayo Vallecano,Defender,2,Tito L. V.,1.099,15,10,12,5,2,0,0,0,0,0,24,2,17,52,37,9,5,0,29,33,21,27,0,14,6,0,0,0,1,1,1,0,2,5,0,0,0,0,0,0,0,0,15,0,14,110,62,48,491,427,64,0,0
Rayo Vallecano,Defender,7,Álex Moreno,3.139,36,32,36,4,5,0,0,1,0,0,60,9,41,206,79,39,25,0,162,154,30,45,8,44,41,0,0,3,7,16,7,1,56,50,1,0,0,1,0,0,0,0,103,0,64,391,316,75,1.1,975,123,2,1
Rayo Vallecano,Defender,16,Amat,2.764,31,30,31,1,10,0,0,0,0,0,60,10,44,147,119,31,23,0,86,75,49,48,1,9,47,0,2,0,25,5,1,0,24,4,0,0,0,0,0,0,0,0,0,0,54,258,161,97,1.282,1.073,207,2,0
Rayo Vallecano,Defender,17,Advíncula,2.391,28,24,27,4,2,2,2,1,0,0,48,2,19,131,55,38,14,1,135,104,26,33,0,46,48,2,0,1,9,13,5,3,39,14,1,0,0,1,0,0,0,0,54,0,53,298,239,59,939,835,103,1,1
Rayo Vallecano,Defender,20,E. Velázquez,1.275,18,12,14,6,8,0,0,0,0,0,29,7,47,78,103,32,17,0,70,48,41,28,0,6,30,0,1,0,20,5,3,2,15,2,0,0,0,0,0,0,0,0,5,0,49,187,118,69,505,388,116,1,0
Rayo Vallecano,Defender,21,A. Ba,2.111,26,21,25,5,4,2,0,1,0,0,34,18,29,154,157,33,13,1,62,32,69,34,1,13,24,0,3,2,9,9,4,0,4,1,1,0,0,0,0,1,0,0,1,0,46,197,94,103,1.049,838,210,1,1
Rayo Vallecano,Defender,23,Gálvez,1.418,17,11,17,6,6,0,0,1,0,0,28,2,45,111,69,28,10,0,52,40,35,28,1,13,22,0,2,0,13,6,3,0,1,1,1,0,0,1,0,0,0,0,1,0,38,155,92,63,686,561,124,1,1
Rayo Vallecano,Defender,31,Martín Pascual,0,0,0,0,0,0,0,0,0,0,0,0,0,0,0,0,0,0,0,0,0,0,0,0,0,0,0,0,0,0,0,0,0,0,0,0,0,0,0,0,0,0,0,0,0,0,0,0,0,0,0,0,0,0
Rayo Vallecano,Defender,33,Luis Meseguer,0,0,0,0,0,0,0,0,0,0,0,0,0,0,0,0,0,0,0,0,0,0,0,0,0,0,0,0,0,0,0,0,0,0,0,0,0,0,0,0,0,0,0,0,0,0,0,0,0,0,0,0,0,0
Rayo Vallecano,Midfielder,,Santi Comesaña,2.032,25,21,23,4,6,0,0,1,0,0,37,5,30,137,39,36,21,0,107,106,40,51,1,28,28,0,0,1,14,6,1,1,26,11,0,1,0,1,0,0,0,0,7,0,57,304,213,91,1.067,950,116,1,1
Rayo Vallecano,Midfielder,3,Uche,372,6,3,5,3,2,0,0,0,0,0,8,1,6,22,1,4,3,0,13,20,8,6,0,4,12,0,0,0,8,1,0,0,3,0,0,0,0,0,0,0,0,0,0,0,7,47,33,14,202,188,14,0,0
Rayo Vallecano,Midfielder,4,Medrán,1.147,21,4,12,17,6,1,1,3,0,0,24,1,18,93,8,8,7,0,53,65,11,12,2,18,25,0,1,1,10,20,9,0,20,11,2,1,0,2,0,1,0,0,17,41,15,141,118,23,727,630,96,1,1
Rayo Vallecano,Midfielder,6,Gorka,285,5,2,3,3,1,0,0,0,0,0,5,1,6,14,10,5,2,0,10,10,11,5,0,2,4,0,0,0,1,0,0,0,1,1,0,0,0,0,0,0,0,0,1,0,7,36,20,16,142,123,19,0,0
Rayo Vallecano,Midfielder,10,Kakuta,720,12,3,9,9,1,0,0,1,1,0,19,1,10,36,8,7,5,0,33,43,5,14,3,5,9,0,0,0,3,4,1,0,16,14,1,0,1,0,1,0,0,0,34,10,12,95,76,19,231,220,10,1,1
Rayo Vallecano,Midfielder,12,Giannelli Imbula,1.739,22,13,21,9,7,0,0,1,0,0,35,2,8,88,5,7,7,0,110,88,9,17,1,39,27,0,0,0,12,14,4,1,57,14,0,1,1,0,0,0,0,0,8,15,14,224,198,26,710,662,45,3,1
Rayo Vallecano,Midfielder,14,Bebé,1.358,29,7,14,22,6,0,0,1,0,0,31,1,10,84,13,9,10,0,63,90,24,19,8,10,25,1,0,3,9,33,14,1,34,28,1,0,0,1,0,0,0,0,109,11,19,196,153,43,409,352,57,0,1
Rayo Vallecano,Midfielder,15,Mario Suárez,1.026,14,8,11,6,5,0,0,2,0,0,24,3,14,92,17,23,14,0,77,51,30,20,2,26,21,0,0,1,13,15,4,0,16,6,2,0,0,0,0,2,0,0,3,0,37,178,128,50,578,512,65,1,1
Rayo Vallecano,Midfielder,18,Álvaro,1.759,35,7,17,28,3,0,0,4,0,0,35,0,19,91,26,19,4,0,51,70,2,15,5,17,15,0,0,1,3,20,10,2,11,12,4,0,2,2,0,0,0,0,76,1,23,138,121,17,419,380,38,1,4
Rayo Vallecano,Midfielder,22,Pozo,1.612,29,8,16,21,4,0,0,3,0,0,34,1,4,75,5,10,3,0,97,104,8,22,2,23,12,0,0,0,5,17,10,0,62,23,0,3,0,3,0,0,0,0,19,3,13,231,201,30,707,669,30,8,3
Rayo Vallecano,Midfielder,25,Franco Di Santo,169,6,1,1,5,1,1,0,0,0,0,7,0,0,4,2,2,0,0,7,8,8,7,2,4,5,0,0,0,3,0,0,0,1,3,0,0,0,0,0,0,0,0,2,0,2,30,15,15,36,35,1,0,0
Rayo Vallecano,Midfielder,34,Manuel Navarro,0,0,0,0,0,0,0,0,0,0,0,0,0,0,0,0,0,0,0,0,0,0,0,0,0,0,0,0,0,0,0,0,0,0,0,0,0,0,0,0,0,0,0,0,0,0,0,0,0,0,0,0,0,0
Rayo Vallecano,Midfielder,35,Ángel Algobia,0,0,0,0,0,0,0,0,0,0,0,0,0,0,0,0,0,0,0,0,0,0,0,0,0,0,0,0,0,0,0,0,0,0,0,0,0,0,0,0,0,0,0,0,0,0,0,0,0,0,0,0,0,0
Rayo Vallecano,Forward,8,M. L. S. Trejo,1.772,26,8,22,18,5,1,1,1,1,0,33,2,18,121,12,41,16,0,133,146,29,35,3,43,47,0,0,1,20,15,6,4,34,29,1,0,0,1,1,0,0,0,25,4,57,343,279,64,840,798,36,6,1
Rayo Vallecano,Forward,9,R. D. T.,2.818,33,24,32,9,5,0,0,14,0,0,55,4,9,70,44,3,5,0,93,157,43,71,18,37,61,0,0,12,11,92,47,1,48,33,10,4,6,7,0,1,1,0,11,0,8,364,250,114,460,401,54,5,6
Rayo Vallecano,Forward,11,Embarba,2.289,36,9,27,27,3,1,1,5,3,0,41,2,28,127,12,25,28,0,135,181,21,45,9,36,44,1,1,2,8,36,18,6,47,52,5,0,2,3,3,0,0,0,134,101,53,382,316,66,583,528,51,4,4
Rayo Vallecano,Forward,19,Lass B.,0,0,0,0,0,0,0,0,0,0,0,0,0,0,0,0,0,0,0,0,0,0,0,0,0,0,0,0,0,0,0,0,0,0,0,0,0,0,0,0,0,0,0,0,0,0,0,0,0,0,0,0,0,0
Rayo Vallecano,Forward,24,Javi Guerra,231,8,1,1,7,0,0,0,0,0,0,7,0,1,9,0,3,0,0,10,9,10,10,1,3,3,1,0,1,0,5,1,1,4,2,0,0,0,0,0,0,0,0,1,0,3,39,19,20,74,72,2,0,0
Rayo Vallecano,Forward,29,Sergio Moreno,13,1,0,0,1,0,0,0,0,0,0,0,0,0,0,0,0,0,0,1,0,0,0,0,1,0,0,0,0,0,1,1,0,0,0,0,0,0,0,0,0,0,0,0,0,0,1,1,0,2,2,0,0,0
RC Celta,Goalkeeper,1,Sergio A.,1.17,13,13,13,0,1,0,0,0,0,0,22,0,0,115,7,0,0,0,1,1,4,0,0,0,1,0,1,0,1,0,0,0,0,0,0,0,0,0,0,0,0,0,0,0,0,6,2,4,411,156,255,0,0
RC Celta,Goalkeeper,13,Rubén Blanco,2.25,25,25,25,0,2,0,0,0,0,0,40,0,2,182,23,0,1,1,1,1,3,1,0,0,1,0,0,0,1,0,0,0,0,0,0,0,0,0,0,0,0,0,0,0,1,6,2,4,701,238,463,0,0
RC Celta,Goalkeeper,26,Iván Villar,0,0,0,0,0,0,0,0,0,0,0,0,0,0,0,0,0,0,0,0,0,0,0,0,0,0,0,0,0,0,0,0,0,0,0,0,0,0,0,0,0,0,0,0,0,0,0,0,0,0,0,0,0,0
RC Celta,Defender,,Lucas Olaza,898,10,9,10,1,2,0,0,0,0,0,15,6,8,48,13,18,11,0,38,13,4,7,0,5,7,0,1,1,4,0,0,2,5,1,0,0,0,0,0,0,0,0,41,1,29,62,51,11,372,317,54,1,0
RC Celta,Defender,2,Hugo Mallo,3.094,35,33,35,2,11,0,0,1,0,0,53,13,50,169,114,41,32,0,121,106,61,56,9,27,51,0,1,0,25,19,8,4,22,14,1,0,0,1,0,0,0,0,155,25,73,344,227,117,1.491,1.274,216,1,1
RC Celta,Defender,3,David Costas,1.173,15,12,13,3,4,0,0,0,0,0,19,6,18,63,54,13,12,0,31,27,30,11,1,7,16,0,0,0,7,2,1,0,1,2,0,0,0,0,0,0,0,0,1,0,25,99,58,41,682,598,84,0,0
RC Celta,Defender,4,Araújo,2.682,32,29,30,3,1,1,1,3,0,0,47,21,35,127,147,22,20,0,48,18,70,49,1,4,15,0,1,0,4,11,7,0,2,0,3,0,0,1,0,2,0,0,2,0,42,185,66,119,1.491,1.315,175,1,3
RC Celta,Defender,12,Wesley Hoedt,893,10,8,9,2,1,1,1,0,0,0,21,11,11,46,57,11,6,0,27,15,32,13,0,6,9,0,0,0,3,3,1,0,4,2,0,0,0,0,0,0,0,0,2,0,17,87,42,45,489,405,84,0,0
RC Celta,Defender,17,Juncà,1.758,21,17,21,4,6,0,0,0,0,0,34,6,35,91,44,30,25,0,88,61,26,15,1,21,26,0,2,1,11,4,1,3,13,11,0,0,0,0,0,0,0,0,65,0,55,190,149,41,830,742,87,1,0
RC Celta,Defender,20,Vázquez,218,4,2,2,2,0,0,0,0,0,0,6,3,2,13,8,5,1,0,14,10,0,3,0,7,5,0,0,0,0,0,0,0,1,1,0,0,0,0,0,0,0,0,6,0,6,27,24,3,92,86,6,0,0
RC Celta,Defender,22,G. Cabral,1.897,24,19,21,5,2,2,2,0,0,1,33,11,33,96,102,26,11,0,42,35,71,46,4,6,19,0,0,1,5,10,2,0,0,1,0,0,0,0,0,0,0,1,0,0,37,194,77,117,908,813,95,0,0
RC Celta,Midfielder,5,Okay,2.203,30,15,26,15,10,0,0,2,0,0,45,11,37,191,50,39,22,0,122,89,77,47,1,34,43,0,0,1,20,16,6,0,28,12,2,0,0,1,0,1,0,0,2,0,61,335,211,124,1.387,1.268,119,0,2
RC Celta,Midfielder,6,Radoja,0,0,0,0,0,0,0,0,0,0,0,0,0,0,0,0,0,0,0,0,0,0,0,0,0,0,0,0,0,0,0,0,0,0,0,0,0,0,0,0,0,0,0,0,0,0,0,0,0,0,0,0,0,0
RC Celta,Midfielder,7,Emre Mor,366,10,0,4,10,1,0,0,0,0,0,8,0,3,20,1,4,3,0,24,26,3,4,2,7,7,0,0,1,1,6,4,0,10,6,0,0,0,0,0,0,0,0,5,0,7,57,50,7,83,77,4,2,0
RC Celta,Midfielder,8,F. Beltrán,1.512,30,9,16,21,3,0,0,1,0,0,31,2,19,100,14,17,6,0,47,54,5,17,0,14,12,0,0,0,3,12,3,0,10,3,1,0,0,1,0,0,0,0,4,0,23,123,101,22,859,798,58,3,0
RC Celta,Midfielder,14,Lobotka,2.493,31,21,27,10,1,0,0,0,0,0,41,1,26,166,17,19,11,0,109,75,9,20,1,48,19,0,0,0,1,5,2,1,31,12,0,0,0,0,0,0,0,0,8,3,30,213,184,29,1.404,1.323,81,0,0
RC Celta,Midfielder,16,Hjulsager,349,15,0,2,15,1,0,0,0,0,0,10,0,2,21,1,10,6,0,25,41,1,7,1,3,8,0,0,1,1,1,0,3,6,8,0,0,0,0,0,0,0,0,20,3,16,74,66,8,109,101,6,2,0
RC Celta,Midfielder,18,Jensen,235,6,0,3,6,0,0,0,0,0,0,1,0,4,19,1,2,2,0,7,16,6,4,0,4,3,0,0,0,0,3,1,0,0,1,0,0,0,0,0,0,0,0,2,1,4,33,23,10,78,72,6,0,0
RC Celta,Midfielder,19,Boufal,2.097,35,2,25,33,6,0,0,3,0,0,36,0,10,124,6,21,14,0,236,216,19,20,1,60,42,1,0,1,9,32,16,3,143,81,2,1,1,2,0,0,0,0,40,26,35,491,452,39,801,750,44,7,2
RC Celta,Midfielder,21,Jozabed,1.157,20,7,14,13,1,0,0,0,0,0,18,2,9,81,11,10,9,0,36,33,6,13,2,12,9,0,0,0,2,10,3,0,5,3,0,0,0,0,0,0,0,0,8,1,19,88,69,19,703,604,98,1,0
RC Celta,Midfielder,23,B. Méndez,2.351,31,19,27,12,5,0,0,6,1,0,44,3,24,133,20,31,30,0,141,145,32,58,11,64,38,1,0,0,11,47,26,7,19,30,4,2,5,1,1,0,0,0,53,69,61,376,286,90,1.113,1.02,89,4,3
RC Celta,Midfielder,24,Boudebouz,1.26,20,4,14,16,3,1,0,1,0,0,18,2,8,53,9,8,14,0,58,59,12,33,1,17,11,0,1,0,7,19,8,2,20,8,1,0,1,0,0,0,0,0,51,25,22,162,117,45,660,619,37,4,1
RC Celta,Forward,9,M. Gómez,2.961,35,28,33,7,4,1,1,13,1,0,51,0,2,79,43,4,2,0,80,124,140,138,43,66,70,0,0,11,8,62,28,5,14,16,12,1,2,7,1,4,0,0,12,0,6,482,204,278,673,624,47,2,8
RC Celta,Forward,10,Iago Aspas,2.258,27,14,26,13,5,0,0,20,5,0,39,0,17,97,5,11,5,0,78,82,25,44,7,43,16,1,0,1,4,54,33,6,20,16,16,4,15,2,5,3,2,0,31,3,16,229,160,69,868,814,47,7,9
RC Celta,Forward,11,Sisto,834,25,1,8,24,0,0,0,2,0,0,14,0,3,54,1,3,1,0,51,47,0,4,3,21,8,0,0,1,0,13,9,1,26,15,2,0,1,1,0,0,0,0,17,11,4,102,98,4,427,396,30,1,1
RCD Espanyol,Goalkeeper,1,Roberto,0,0,0,0,0,0,0,0,0,0,0,0,0,0,0,0,0,0,0,0,0,0,0,0,0,0,0,0,0,0,0,0,0,0,0,0,0,0,0,0,0,0,0,0,0,0,0,0,0,0,0,0,0,0
RCD Espanyol,Goalkeeper,13,Diego López,3.42,38,38,38,0,2,0,0,0,0,0,50,0,2,283,20,0,0,0,4,0,7,1,0,4,0,0,0,0,0,0,0,0,1,0,0,0,0,0,0,0,0,0,0,0,0,12,4,8,1.068,444,624,0,0
RCD Espanyol,Defender,,Lluís López,520,6,5,5,1,0,0,0,0,0,0,11,2,7,21,19,3,2,0,8,9,14,10,0,2,5,0,1,0,0,1,1,0,1,0,0,0,0,0,0,0,0,0,0,0,5,41,17,24,244,202,42,0,0
RCD Espanyol,Defender,5,Naldo,1.366,16,12,16,4,3,0,0,1,0,0,18,13,26,77,111,10,8,0,24,17,39,32,1,4,13,0,0,1,6,6,1,1,2,0,1,0,0,0,0,1,0,0,0,0,19,112,41,71,600,499,101,0,1
RCD Espanyol,Defender,6,O. Duarte,657,11,6,7,5,0,0,0,0,0,1,13,7,13,35,34,5,7,0,14,10,23,12,1,2,8,0,0,0,0,2,1,0,0,0,0,0,0,0,0,0,0,1,1,0,12,59,24,35,333,278,55,0,0
RCD Espanyol,Defender,8,Roberto Rosales ,1.751,21,17,20,4,2,0,0,3,0,0,20,7,22,114,60,31,17,0,73,72,50,24,1,17,34,0,2,4,4,17,5,1,12,10,1,2,2,1,0,0,0,0,47,0,48,219,145,74,913,783,130,0,3
RCD Espanyol,Defender,12,Dídac Vilà,2.358,27,23,27,4,10,0,0,0,0,0,38,12,54,130,81,31,36,0,104,84,48,35,1,29,38,0,1,4,18,15,8,2,8,7,0,0,0,0,0,0,0,0,77,0,67,271,188,83,1.111,931,180,0,0
RCD Espanyol,Defender,16,Javi López,1.947,23,18,21,5,3,1,1,0,0,0,33,5,40,113,77,40,23,0,113,85,34,28,0,35,32,0,0,1,7,5,1,0,18,8,0,0,0,0,0,0,0,0,57,0,63,260,198,62,850,760,89,1,0
RCD Espanyol,Defender,22,Hermoso,2.806,32,30,31,2,7,0,0,3,0,0,36,25,38,182,167,24,14,0,74,45,72,46,2,29,22,0,2,0,10,21,11,0,9,3,3,0,1,1,0,1,0,0,2,0,38,237,119,118,1.61,1.327,279,4,3
RCD Espanyol,Defender,28,Adrià Pedrosa,760,12,8,8,4,1,0,0,1,0,0,9,4,8,41,22,9,5,0,34,40,4,12,1,7,14,0,0,2,3,5,1,0,13,11,1,0,0,1,0,0,0,0,15,2,14,90,74,16,228,198,28,2,1
RCD Espanyol,Defender,32,Iago Indias,0,0,0,0,0,0,0,0,0,0,0,0,0,0,0,0,0,0,0,0,0,0,0,0,0,0,0,0,0,0,0,0,0,0,0,0,0,0,0,0,0,0,0,0,0,0,0,0,0,0,0,0,0,0
RCD Espanyol,Midfielder,,Alfa Semedo,42,3,0,0,3,1,0,0,0,0,0,1,1,2,2,0,0,0,0,2,6,3,5,0,0,1,0,0,0,1,2,0,0,2,0,0,0,0,0,0,0,0,0,1,0,0,16,8,8,21,20,1,0,0
RCD Espanyol,Midfielder,,Facundo Ferreyra,204,9,1,1,8,2,0,0,1,0,0,2,0,0,4,5,2,3,0,9,11,8,11,2,4,8,0,0,1,5,2,1,0,0,0,1,0,0,1,0,0,0,0,2,0,5,39,20,19,49,49,0,0,1
RCD Espanyol,Midfielder,4,Víctor S.,1.257,24,9,13,15,9,0,0,0,0,0,22,2,25,69,24,30,15,0,83,118,25,16,2,36,48,0,0,0,25,9,2,2,6,5,0,0,0,0,0,0,0,0,12,7,45,242,201,41,533,485,45,3,0
RCD Espanyol,Midfielder,10,S. Darder,2.717,34,21,32,13,6,1,1,4,0,0,39,3,22,143,25,35,24,0,122,119,17,24,1,30,31,0,0,1,10,42,16,2,33,22,2,2,0,4,0,0,0,0,31,32,59,282,241,41,1.235,1.098,124,13,2
RCD Espanyol,Midfielder,14,Melendo,2.002,32,6,22,26,3,0,0,0,0,0,20,1,13,99,7,8,9,0,105,74,10,35,0,56,11,0,0,0,4,5,5,5,34,16,0,0,0,0,0,0,0,0,10,9,17,224,179,45,868,824,31,13,0
RCD Espanyol,Midfielder,15,David López,1.82,21,20,21,1,4,0,0,0,0,1,29,12,28,101,65,18,9,0,49,32,52,40,0,17,18,1,1,2,5,8,2,0,6,3,0,0,0,0,0,0,0,1,2,0,27,173,81,92,1.207,1.056,151,0,0
RCD Espanyol,Midfielder,18,Álex López,109,4,1,1,3,1,0,0,0,0,0,5,0,3,10,1,1,2,0,8,5,1,2,0,4,1,0,0,0,1,1,0,0,1,1,0,0,0,0,0,0,0,0,1,1,3,16,13,3,75,71,4,0,0
RCD Espanyol,Midfielder,21,M. Roca,3.116,35,31,35,4,9,0,0,1,0,0,44,21,37,236,58,45,28,0,128,134,44,42,0,27,60,0,0,1,16,17,9,2,29,11,1,0,1,0,0,0,0,0,3,2,73,348,262,86,1.956,1.737,207,12,1
RCD Espanyol,Midfielder,23,Granero,2.019,28,13,24,15,10,0,0,3,0,0,30,8,26,132,31,32,18,0,126,112,21,29,0,42,38,0,1,1,19,18,7,1,34,6,1,2,0,3,0,0,2,0,32,64,50,288,238,50,1.12,1.018,97,5,3
RCD Espanyol,Midfielder,29,Carlos Doncel,0,0,0,0,0,0,0,0,0,0,0,0,0,0,0,0,0,0,0,0,0,0,0,0,0,0,0,0,0,0,0,0,0,0,0,0,0,0,0,0,0,0,0,0,0,0,0,0,0,0,0,0,0,0
RCD Espanyol,Midfielder,31,Víctor Campuzano,0,0,0,0,0,0,0,0,0,0,0,0,0,0,0,0,0,0,0,0,0,0,0,0,0,0,0,0,0,0,0,0,0,0,0,0,0,0,0,0,0,0,0,0,0,0,0,0,0,0,0,0,0,0
RCD Espanyol,Forward,7,Borja Iglesias,3.081,37,25,35,12,5,0,0,17,3,0,42,6,7,85,40,14,10,0,92,164,65,75,45,51,56,0,0,3,10,72,39,3,23,28,15,2,2,13,3,2,0,0,11,1,24,396,256,140,674,642,27,5,8
RCD Espanyol,Forward,9,S. García,1.487,29,6,17,23,3,0,0,2,0,0,23,1,10,59,4,9,8,0,66,86,21,30,2,37,17,0,0,2,3,28,12,1,15,20,1,1,0,2,0,0,0,0,34,34,18,203,152,51,439,405,29,5,1
RCD Espanyol,Forward,17,Hernán Pérez,797,19,0,10,19,1,0,0,1,0,0,12,3,5,44,11,10,3,0,48,73,14,14,6,15,21,0,0,2,2,11,6,2,20,20,1,0,0,1,0,0,0,0,39,1,13,149,121,28,222,203,17,2,1
RCD Espanyol,Forward,19,Piatti,734,20,2,6,18,0,0,0,1,0,0,12,0,2,49,5,16,6,0,58,56,10,18,1,26,18,0,0,2,0,11,6,0,10,12,0,1,1,0,0,0,0,0,29,20,22,142,114,28,233,220,11,2,1
RCD Espanyol,Forward,20,Puado,348,15,1,2,14,0,0,0,0,0,0,9,1,7,21,3,1,1,0,10,25,9,9,2,2,4,1,0,0,0,7,2,0,6,4,0,0,0,0,0,0,0,0,2,0,2,53,35,18,89,87,2,0,0
RCD Espanyol,Forward,24,Wu Lei,1.064,16,4,12,12,1,0,0,3,0,0,9,0,7,42,7,6,7,0,34,38,13,27,12,12,8,1,0,0,1,28,8,1,9,9,3,0,0,3,0,0,0,0,9,0,13,112,72,40,198,189,8,1,1
Real Betis,Goalkeeper,1,Joel Robles,450,5,5,5,0,0,0,0,0,0,0,5,0,0,52,6,0,1,0,1,1,1,0,0,0,0,0,0,0,0,0,0,0,0,1,0,0,0,0,0,0,0,0,0,0,1,3,2,1,163,95,68,0,0
Real Betis,Goalkeeper,13,Pau López,2.97,33,33,33,0,3,0,0,0,0,0,47,0,2,280,27,0,0,0,2,2,10,0,0,5,1,0,0,1,1,0,0,0,0,0,0,0,0,0,0,0,0,0,0,0,0,14,4,10,1.071,709,362,0,0
Real Betis,Defender,,Emerson,317,6,2,4,4,1,0,0,0,0,0,8,0,7,12,9,7,2,0,23,14,3,4,0,14,5,0,0,1,3,1,1,0,0,3,0,0,0,0,0,0,0,0,8,0,9,44,37,7,146,138,8,0,0
Real Betis,Defender,2,Francis G.,1.79,22,10,22,12,1,0,0,0,0,0,21,1,21,79,34,28,23,0,105,59,8,22,1,39,9,0,0,1,1,6,3,1,15,16,0,0,0,0,0,0,0,0,66,0,51,194,164,30,783,735,48,0,0
Real Betis,Defender,4,Feddal,1.701,21,16,19,5,7,0,0,1,0,0,23,8,31,106,91,23,15,2,65,47,71,31,0,9,29,0,2,1,20,14,4,1,18,5,1,0,1,0,0,0,0,0,4,0,38,214,112,102,1.272,1.109,162,1,1
Real Betis,Defender,5,Bartra,2.93,33,31,33,2,4,0,0,1,0,0,43,21,60,164,129,55,31,1,136,82,76,52,4,39,30,0,1,1,6,6,4,0,13,9,0,1,0,1,0,0,0,0,5,0,86,346,218,128,2.266,1.974,292,0,1
Real Betis,Defender,12,Sidnei,1.743,24,16,20,8,4,0,0,1,0,0,31,8,41,116,51,29,19,1,76,39,33,27,0,17,14,0,0,0,4,7,2,0,12,3,1,0,0,1,0,0,0,0,9,0,48,175,115,60,1.243,1.124,118,1,1
Real Betis,Defender,19,A. Barragán,936,14,7,12,7,4,0,0,0,0,0,16,4,5,37,24,8,6,1,25,40,11,12,0,9,21,0,0,0,10,1,0,0,3,6,0,0,0,0,0,0,0,0,41,0,14,88,65,23,523,494,29,0,0
Real Betis,Defender,20,Júnior,1.937,24,20,22,4,7,0,0,3,0,0,30,2,23,105,35,25,13,0,90,72,35,24,4,26,30,1,0,0,10,15,7,4,27,15,3,0,2,1,0,0,0,0,35,0,38,221,162,59,934,885,48,1,2
Real Betis,Defender,23,Mandi,3.06,35,32,34,3,10,0,0,1,0,0,46,23,41,143,67,34,18,0,79,76,55,42,1,22,56,0,0,0,22,6,3,1,7,2,1,0,0,1,0,0,0,0,19,0,52,252,155,97,2.577,2.39,186,1,1
Real Betis,Defender,30,Julio Alonso,0,0,0,0,0,0,0,0,0,0,0,0,0,0,0,0,0,0,0,0,0,0,0,0,0,0,0,0,0,0,0,0,0,0,0,0,0,0,0,0,0,0,0,0,0,0,0,0,0,0,0,0,0,0
Real Betis,Defender,32,Edgar González,0,0,0,0,0,0,0,0,0,0,0,0,0,0,0,0,0,0,0,0,0,0,0,0,0,0,0,0,0,0,0,0,0,0,0,0,0,0,0,0,0,0,0,0,0,0,0,0,0,0,0,0,0,0
Real Betis,Midfielder,,Kaptoum,776,10,5,9,5,2,0,0,0,0,0,12,1,10,37,6,6,9,0,46,38,7,5,0,12,16,0,0,0,4,2,1,0,19,8,0,0,0,0,0,0,0,0,1,0,15,96,84,12,324,311,12,1,0
Real Betis,Midfielder,3,Javi García,520,13,4,6,9,0,1,0,0,0,0,8,1,5,29,27,1,2,1,9,12,16,13,0,5,8,0,0,0,1,0,0,0,3,1,0,0,0,0,0,0,0,0,0,0,3,50,21,29,444,425,19,0,0
Real Betis,Midfielder,6,Canales,2.658,32,25,30,7,7,0,0,7,2,0,43,3,9,150,6,30,14,0,147,141,6,22,11,50,28,0,0,3,9,45,25,2,53,20,6,1,6,1,2,0,1,0,70,93,44,316,288,28,1.736,1.605,122,9,3
Real Betis,Midfielder,11,Tello Herrera,1.559,29,12,13,17,4,0,0,4,0,0,22,0,16,96,10,20,12,0,70,64,4,8,5,12,7,1,1,0,2,29,18,6,26,26,1,3,0,4,0,0,3,0,36,12,32,146,134,12,778,732,45,1,4
Real Betis,Midfielder,14,William Carvalho,2.386,30,20,26,10,7,0,0,0,0,0,37,0,12,202,30,27,18,0,123,85,40,17,2,35,24,0,0,1,10,8,2,5,43,15,0,0,0,0,0,0,0,0,3,0,45,265,208,57,1.904,1.757,140,7,0
Real Betis,Midfielder,17,Joaquín,1.694,30,7,17,23,5,0,0,6,0,0,21,2,14,64,30,4,6,0,88,55,15,17,2,32,8,0,0,0,2,18,12,0,47,17,5,1,0,4,0,2,0,0,65,40,10,175,143,32,846,813,33,0,4
Real Betis,Midfielder,18,A. Guardado,2.338,31,19,27,12,8,0,0,0,0,0,40,1,28,155,24,15,10,0,85,108,16,30,2,38,44,0,1,1,16,19,5,4,23,11,0,0,0,0,0,0,0,0,35,23,25,239,193,46,1.592,1.436,149,7,0
Real Betis,Midfielder,21,Giovani Lo Celso,2.4,32,19,27,13,5,0,0,9,2,0,39,1,17,107,8,31,21,0,180,154,17,24,1,67,36,1,0,1,13,44,29,4,62,40,8,1,6,3,2,0,0,0,11,5,52,375,334,41,1.424,1.339,70,15,4
Real Betis,Midfielder,22,Diego Lainez,348,12,0,3,12,2,0,0,0,0,0,6,0,1,10,1,4,0,0,38,28,0,4,0,18,2,0,0,0,0,4,2,1,16,17,0,0,0,0,0,0,0,0,5,1,4,70,66,4,123,122,1,0,0
Real Betis,Midfielder,27,Adrián Tellado,0,0,0,0,0,0,0,0,0,0,0,0,0,0,0,0,0,0,0,0,0,0,0,0,0,0,0,0,0,0,0,0,0,0,0,0,0,0,0,0,0,0,0,0,0,0,0,0,0,0,0,0,0,0
Real Betis,Midfielder,28,Irizo,0,0,0,0,0,0,0,0,0,0,0,0,0,0,0,0,0,0,0,0,0,0,0,0,0,0,0,0,0,0,0,0,0,0,0,0,0,0,0,0,0,0,0,0,0,0,0,0,0,0,0,0,0,0
Real Betis,Midfielder,33,Robert,0,0,0,0,0,0,0,0,0,0,0,0,0,0,0,0,0,0,0,0,0,0,0,0,0,0,0,0,0,0,0,0,0,0,0,0,0,0,0,0,0,0,0,0,0,0,0,0,0,0,0,0,0,0
Real Betis,Midfielder,37,Diego Altamirano,0,0,0,0,0,0,0,0,0,0,0,0,0,0,0,0,0,0,0,0,0,0,0,0,0,0,0,0,0,0,0,0,0,0,0,0,0,0,0,0,0,0,0,0,0,0,0,0,0,0,0,0,0,0
Real Betis,Midfielder,37,Jaime Garijo,0,0,0,0,0,0,0,0,0,0,0,0,0,0,0,0,0,0,0,0,0,0,0,0,0,0,0,0,0,0,0,0,0,0,0,0,0,0,0,0,0,0,0,0,0,0,0,0,0,0,0,0,0,0
Real Betis,Midfielder,38,Paul Akouokou,0,0,0,0,0,0,0,0,0,0,0,0,0,0,0,0,0,0,0,0,0,0,0,0,0,0,0,0,0,0,0,0,0,0,0,0,0,0,0,0,0,0,0,0,0,0,0,0,0,0,0,0,0,0
Real Betis,Forward,7,Sergio León,632,16,2,6,14,1,0,0,0,0,0,10,0,2,19,3,2,2,0,23,36,3,24,8,15,9,0,0,0,0,10,2,1,4,8,0,0,0,0,0,0,0,0,3,0,4,86,59,27,99,95,4,0,0
Real Betis,Forward,10,Jesé,782,14,2,9,12,2,0,0,2,0,0,17,0,1,20,0,4,3,0,23,31,3,17,5,4,7,0,0,1,1,15,10,0,12,10,2,0,2,0,0,0,0,0,1,4,7,74,54,20,193,187,5,1,1
Real Betis,Forward,16,Loren,1.958,33,10,22,23,3,0,0,6,0,0,27,1,6,35,17,12,6,0,78,119,25,52,25,47,30,2,0,3,4,50,28,0,15,29,6,0,1,5,0,0,0,0,11,0,18,274,197,77,337,325,11,1,4
Real Madrid,Goalkeeper,,Luca Zidane,90,1,1,1,0,0,0,0,0,0,0,2,0,0,6,0,0,0,0,0,0,1,0,0,1,0,0,0,0,0,0,0,0,0,0,0,0,0,0,0,0,0,0,0,0,0,1,0,1,38,25,13,0,0
Real Madrid,Goalkeeper,1,Navas,900,10,10,10,0,1,0,0,0,0,0,8,0,1,89,6,0,0,0,0,0,5,0,0,2,0,0,0,0,0,0,0,0,0,0,0,0,0,0,0,0,0,0,0,0,0,5,0,5,236,138,98,0,0
Real Madrid,Goalkeeper,25,Courtois,2.43,27,27,27,0,2,0,0,0,0,0,36,0,2,212,9,0,0,0,4,2,9,0,0,5,0,0,0,0,0,1,0,0,1,0,0,0,0,0,0,0,0,0,0,0,0,15,6,9,672,386,286,0,0
Real Madrid,Defender,,Javi Sánchez,45,1,0,0,1,1,0,0,0,0,0,2,0,0,0,4,0,1,0,1,2,3,1,0,0,2,0,0,0,2,0,0,0,0,0,0,0,0,0,0,0,0,0,0,0,1,7,3,4,8,5,3,0,0
Real Madrid,Defender,2,Carvajal,2.106,24,23,23,1,10,0,0,1,0,0,23,7,26,137,27,24,16,0,108,93,20,22,2,34,30,0,0,0,17,8,4,2,34,22,1,0,0,0,0,1,0,0,57,1,40,243,201,42,1.55,1.434,115,1,1
Real Madrid,Defender,3,Vallejo,311,5,3,4,2,1,1,0,1,0,0,4,4,7,20,12,5,1,0,8,4,3,6,0,2,3,0,2,1,2,1,1,0,0,0,1,0,1,0,0,0,0,0,0,0,6,21,12,9,156,133,23,0,1
Real Madrid,Defender,4,Sergio Ramos,2.474,28,26,28,2,5,1,1,6,5,0,33,15,37,176,85,32,9,0,77,47,61,33,5,35,29,0,1,1,12,25,13,1,3,2,6,0,0,5,5,1,0,0,2,0,41,218,124,94,1.917,1.652,262,3,5
Real Madrid,Defender,5,Varane,2.755,32,28,31,4,0,1,0,2,0,0,34,9,32,155,138,18,15,0,46,21,93,38,1,12,11,0,2,1,1,12,4,0,5,1,2,0,0,1,0,1,0,0,2,0,33,198,67,131,1.707,1.491,215,1,2
Real Madrid,Defender,6,Nacho,1.701,20,16,19,4,6,1,1,0,0,0,24,7,32,108,60,19,7,1,47,46,30,32,0,12,27,0,0,1,15,5,0,1,9,7,0,0,0,0,0,0,0,0,15,0,26,155,93,62,987,921,66,0,0
Real Madrid,Defender,12,Marcelo,1.841,23,17,21,6,6,0,0,2,0,0,33,2,17,109,14,19,15,1,87,69,7,21,5,20,19,0,0,3,7,27,12,2,33,16,2,0,0,2,0,0,0,0,70,5,34,184,156,28,1.324,1.167,153,4,1
Real Madrid,Defender,19,Odriozola,1.179,14,12,14,2,2,0,0,0,0,0,15,1,11,61,12,25,3,0,54,50,1,14,5,19,15,2,1,0,4,1,1,2,7,21,0,0,0,0,0,0,0,0,53,0,28,119,104,15,594,575,19,0,0
Real Madrid,Defender,23,Reguilón,1.121,14,10,13,4,3,0,0,0,0,0,9,3,20,69,35,14,11,0,63,49,15,14,0,29,24,0,0,0,7,4,0,2,11,11,0,0,0,0,0,0,0,0,33,1,25,141,112,29,666,600,66,0,0
Real Madrid,Defender,26,Adrián de la Fuente,0,0,0,0,0,0,0,0,0,0,0,0,0,0,0,0,0,0,0,0,0,0,0,0,0,0,0,0,0,0,0,0,0,0,0,0,0,0,0,0,0,0,0,0,0,0,0,0,0,0,0,0,0,0
Real Madrid,Defender,37,Francisco Garcia,0,0,0,0,0,0,0,0,0,0,0,0,0,0,0,0,0,0,0,0,0,0,0,0,0,0,0,0,0,0,0,0,0,0,0,0,0,0,0,0,0,0,0,0,0,0,0,0,0,0,0,0,0,0
Real Madrid,Midfielder,8,Kroos,2.227,28,18,26,10,2,0,0,0,0,0,35,4,14,168,12,35,16,0,117,78,23,14,1,55,22,0,0,0,4,20,9,4,14,3,0,0,0,0,0,0,0,0,54,120,52,232,195,37,2.072,1.812,255,5,0
Real Madrid,Midfielder,10,Modrić,2.617,34,18,31,16,6,0,0,3,0,0,36,3,31,158,6,30,19,0,148,131,12,14,4,46,28,0,0,2,10,26,12,6,53,29,2,1,1,2,0,0,0,0,41,36,49,305,279,26,1.891,1.704,181,6,2
Real Madrid,Midfielder,14,Casemiro,2.316,29,21,27,8,5,1,1,3,0,0,32,12,41,184,52,52,34,0,149,119,86,52,0,49,47,1,2,2,14,29,9,0,17,4,2,1,0,2,0,1,0,0,8,0,86,406,268,138,1.618,1.427,190,1,2
Real Madrid,Midfielder,15,Valverde,651,16,2,6,14,4,0,0,0,0,0,6,2,21,52,10,8,4,0,27,27,9,6,0,2,15,0,0,2,7,4,1,0,13,4,0,0,0,0,0,0,0,0,3,1,12,69,54,15,373,344,27,2,0
Real Madrid,Midfielder,18,M. Llorente,540,7,5,6,2,1,0,0,0,0,0,5,0,7,43,11,12,4,0,30,33,2,3,1,7,15,0,0,1,9,1,1,0,7,1,0,0,0,0,0,0,0,0,0,0,16,68,63,5,375,330,45,0,0
Real Madrid,Midfielder,20,Asensio,1.778,30,9,19,21,3,0,0,1,0,0,26,1,14,76,4,8,4,0,72,72,4,14,8,21,18,3,0,2,5,33,18,4,39,19,1,0,1,0,0,0,0,0,69,25,13,162,144,18,912,868,37,7,0
Real Madrid,Midfielder,21,Brahim Díaz,378,9,0,5,9,0,0,0,1,0,0,4,0,0,13,0,7,2,0,40,34,0,5,0,14,4,0,0,0,0,7,5,1,17,17,1,0,0,1,0,0,0,0,4,0,9,79,74,5,163,159,2,2,1
Real Madrid,Midfielder,22,Isco,1.186,27,2,11,25,3,0,0,3,0,0,18,1,6,68,3,14,15,0,95,83,7,13,4,34,20,0,0,1,6,16,7,2,33,15,3,0,1,1,0,1,0,0,28,22,29,198,178,20,928,867,55,6,3
Real Madrid,Midfielder,24,D. Ceballos,1.246,23,5,13,18,3,0,0,3,0,0,13,1,15,102,4,21,11,0,86,81,9,18,1,40,16,0,0,1,6,12,5,0,14,18,1,2,0,3,0,0,1,0,8,2,32,194,167,27,1.015,960,53,2,2
Real Madrid,Midfielder,36,Álvaro Fidalgo,0,0,0,0,0,0,0,0,0,0,0,0,0,0,0,0,0,0,0,0,0,0,0,0,0,0,0,0,0,0,0,0,0,0,0,0,0,0,0,0,0,0,0,0,0,0,0,0,0,0,0,0,0,0
Real Madrid,Midfielder,39,Jaume Grau,0,0,0,0,0,0,0,0,0,0,0,0,0,0,0,0,0,0,0,0,0,0,0,0,0,0,0,0,0,0,0,0,0,0,0,0,0,0,0,0,0,0,0,0,0,0,0,0,0,0,0,0,0,0
Real Madrid,Forward,,Cristo González,45,1,0,0,1,0,0,0,0,0,0,1,0,1,2,0,0,1,0,1,3,0,2,0,0,1,0,0,1,0,0,0,0,0,2,0,0,0,0,0,0,0,0,0,0,1,6,4,2,10,9,1,0,0
Real Madrid,Forward,7,Mariano,439,13,2,3,11,2,0,0,3,0,0,10,0,0,3,2,1,1,0,7,14,11,13,14,4,5,0,0,0,1,15,8,0,1,3,3,0,0,2,0,1,0,0,0,0,2,45,21,24,92,88,2,2,1
Real Madrid,Forward,9,Benzema,2.961,36,24,35,12,1,0,0,21,3,0,39,1,8,60,25,11,13,0,91,109,43,54,36,22,23,1,0,1,0,85,46,6,45,27,20,1,0,13,3,8,0,0,20,2,24,297,200,97,1.183,1.125,52,6,7
Real Madrid,Forward,11,Bale,1.792,29,6,21,23,4,0,0,8,1,0,23,3,11,36,11,8,8,0,60,68,37,37,15,21,18,0,0,1,7,67,32,3,23,20,8,0,6,2,1,0,0,0,70,0,16,202,128,74,690,631,57,2,4
Real Madrid,Forward,17,L. Vázquez,1.501,31,9,15,22,4,1,1,1,0,0,18,1,12,82,6,26,17,0,114,120,7,24,2,38,41,0,0,4,13,18,11,3,33,25,1,0,1,0,0,0,0,0,61,4,43,265,234,31,875,820,52,3,1
Real Madrid,Forward,28,Vinicius,864,18,5,9,13,0,0,0,2,0,0,13,1,7,31,0,6,4,0,72,77,1,2,8,21,13,1,0,2,0,31,17,0,41,29,2,0,0,2,0,0,0,0,21,2,10,152,149,3,285,274,7,4,1
Real Sociedad,Goalkeeper,,Andoni Zubiaurre,0,0,0,0,0,0,0,0,0,0,0,0,0,0,0,0,0,0,0,0,0,0,0,0,0,0,0,0,0,0,0,0,0,0,0,0,0,0,0,0,0,0,0,0,0,0,0,0,0,0,0,0,0,0
Real Sociedad,Goalkeeper,1,Gero Rulli,2.43,27,27,27,0,3,0,0,0,0,0,35,0,1,229,17,1,1,2,5,3,12,2,0,3,1,0,1,0,1,0,0,0,0,0,0,0,0,0,0,0,0,0,0,0,2,22,8,14,983,488,495,0,0
Real Sociedad,Goalkeeper,13,Moyà,990,11,11,11,0,1,0,0,0,0,0,11,0,1,84,15,1,0,0,2,1,5,0,0,1,0,0,0,0,0,0,0,0,1,0,0,0,0,0,0,0,0,0,0,0,1,8,3,5,326,160,166,0,0
Real Sociedad,Defender,2,Zaldúa,2.141,26,21,25,5,7,0,0,1,0,0,29,3,38,90,66,27,12,0,119,70,48,30,0,64,33,0,1,0,13,5,2,2,18,17,1,0,0,0,0,1,0,0,73,0,39,267,189,78,899,788,111,0,1
Real Sociedad,Defender,3,Llorente R.,1.755,21,17,20,4,5,0,0,0,0,1,17,15,26,95,80,15,11,0,40,33,58,44,1,13,20,0,0,0,8,6,1,0,2,2,0,0,0,0,0,0,0,1,2,0,26,175,73,102,1.098,932,165,1,0
Real Sociedad,Defender,6,H.Moreno,1.929,25,21,21,4,2,0,0,1,0,0,29,19,31,95,72,9,7,0,30,26,38,28,3,13,17,0,0,0,2,4,1,0,2,2,1,0,0,0,0,1,0,0,5,0,16,122,56,66,1.192,1.029,163,0,1
Real Sociedad,Defender,15,Aritz,2.253,27,22,24,5,5,0,0,1,0,0,35,7,39,137,138,29,18,0,88,39,66,41,0,27,22,0,0,2,6,9,5,0,16,3,1,0,1,0,0,0,0,0,28,0,47,234,127,107,1.108,962,145,1,1
Real Sociedad,Defender,18,Gorosabel,454,7,4,6,3,0,0,0,0,0,0,6,1,4,23,16,9,7,0,21,20,7,8,0,5,5,0,0,0,0,2,0,0,1,6,0,0,0,0,0,0,0,0,9,0,16,56,41,15,210,194,16,0,0
Real Sociedad,Defender,19,Theo,1.976,24,19,22,5,5,1,0,1,0,0,30,5,33,126,36,33,21,0,165,108,22,19,4,70,29,0,0,1,9,19,5,2,41,41,1,0,1,0,0,0,0,0,58,0,54,314,273,41,909,858,49,2,0
Real Sociedad,Defender,20,Rodrigues,483,7,5,5,2,1,0,0,0,0,0,6,3,8,31,14,11,10,0,35,24,6,13,0,6,5,0,0,0,1,2,1,0,8,4,0,0,0,0,0,0,0,0,12,0,21,78,59,19,181,167,14,0,0
Real Sociedad,Defender,22,Raúl Navas,1.311,16,13,15,3,4,0,0,0,0,0,17,9,20,97,60,14,9,0,39,16,29,17,1,13,10,0,1,0,5,2,0,0,4,0,0,0,0,0,0,0,0,0,4,0,23,101,55,46,864,744,120,0,0
Real Sociedad,Defender,27,Robin Le Normand,283,4,3,3,1,1,0,0,0,0,0,5,0,4,18,12,2,3,0,8,5,8,2,0,2,3,0,0,0,2,1,0,1,1,0,0,0,0,0,0,0,0,0,0,0,5,23,13,10,220,189,31,0,0
Real Sociedad,Defender,29,Aihen Muñoz,954,11,8,11,3,0,0,0,0,0,0,10,9,7,42,19,8,5,0,39,31,15,20,0,6,6,0,0,0,0,1,0,0,20,11,0,0,0,0,0,0,0,0,28,0,13,105,70,35,399,359,40,0,0
Real Sociedad,Defender,35,Alex Sola,90,1,1,1,0,0,0,0,0,0,0,0,0,1,12,2,3,1,0,10,7,0,1,0,2,1,0,0,0,0,2,1,0,4,3,0,0,0,0,0,0,0,0,4,0,4,18,17,1,52,51,1,0,0
Real Sociedad,Midfielder,,Ander Guevara,90,1,1,1,0,0,0,0,0,0,0,1,0,1,5,0,1,2,0,7,7,1,0,0,1,2,0,0,0,0,3,0,0,3,0,0,0,0,0,0,0,0,0,1,0,3,15,14,1,42,39,3,0,0
Real Sociedad,Midfielder,4,Illarramendi,1.822,23,16,20,7,8,0,0,1,0,0,21,9,31,182,44,24,15,0,80,77,29,50,0,35,34,0,0,3,26,11,4,1,7,3,1,0,0,1,0,0,0,0,15,4,39,236,157,79,1.238,1.097,134,7,1
Real Sociedad,Midfielder,5,Zubeldia,2.551,33,23,29,10,7,0,0,0,0,0,37,6,45,200,57,35,26,0,109,98,61,54,0,13,37,0,0,2,12,10,4,1,37,6,0,0,0,0,0,0,0,0,2,0,61,322,207,115,1.2,1.071,129,0,0
Real Sociedad,Midfielder,8,Merino,2.06,29,14,24,15,8,1,1,3,0,0,29,2,29,156,36,28,22,0,113,162,85,44,1,37,70,2,0,3,33,20,10,3,28,13,2,1,3,0,0,0,0,0,15,0,50,404,275,129,1.089,982,97,10,2
Real Sociedad,Midfielder,14,R. Pardo,1.373,24,3,16,21,3,0,0,1,0,0,19,6,22,86,8,7,4,0,29,41,9,17,1,10,13,1,0,1,4,11,4,2,8,5,1,0,0,0,0,1,0,0,36,66,11,96,70,26,805,690,108,7,1
Real Sociedad,Midfielder,16,Merquelanz,4,1,0,0,1,0,0,0,0,0,0,0,0,0,1,0,0,0,0,0,1,0,0,0,0,0,0,0,0,0,0,0,0,0,1,0,0,0,0,0,0,0,0,0,0,0,1,1,0,0,0,0,0,0
Real Sociedad,Midfielder,17,Zurutuza,1.223,21,6,13,15,2,0,0,2,0,0,15,4,24,88,21,16,11,0,62,63,40,34,2,36,18,0,0,0,3,9,2,0,5,6,2,0,0,1,0,1,0,0,6,0,27,199,125,74,603,564,35,4,2
Real Sociedad,Midfielder,23,Sangalli ,999,18,3,12,15,0,0,0,1,0,0,17,1,5,65,3,13,6,0,52,52,9,21,0,17,11,1,0,1,0,10,5,3,16,7,1,0,0,1,0,0,0,0,18,2,19,134,104,30,361,339,19,3,1
Real Sociedad,Midfielder,28,Roberto López,28,1,0,0,1,0,0,0,0,0,0,0,0,1,0,2,0,0,0,0,2,1,1,0,0,1,0,0,0,0,0,0,0,0,0,0,0,0,0,0,0,0,0,0,0,0,4,2,2,3,3,0,0,0
Real Sociedad,Midfielder,31,Näis Djouahra,0,0,0,0,0,0,0,0,0,0,0,0,0,0,0,0,0,0,0,0,0,0,0,0,0,0,0,0,0,0,0,0,0,0,0,0,0,0,0,0,0,0,0,0,0,0,0,0,0,0,0,0,0,0
Real Sociedad,Midfielder,34,Ander Barrenetxea,398,9,0,5,9,0,0,0,1,0,0,5,0,4,18,1,2,5,0,32,39,2,7,3,6,12,0,0,0,0,3,1,0,19,13,1,0,0,1,0,0,0,0,6,0,7,80,71,9,105,97,7,1,1
Real Sociedad,Midfielder,36,Martín Zubimendi,6,1,0,0,1,0,0,0,0,0,0,1,0,0,1,0,0,1,0,1,1,0,0,0,0,0,0,0,0,0,0,0,0,0,0,0,0,0,0,0,0,0,0,0,0,1,2,2,0,4,2,1,1,0
Real Sociedad,Midfielder,38,Zourdine Thior,0,0,0,0,0,0,0,0,0,0,0,0,0,0,0,0,0,0,0,0,0,0,0,0,0,0,0,0,0,0,0,0,0,0,0,0,0,0,0,0,0,0,0,0,0,0,0,0,0,0,0,0,0,0
Real Sociedad,Forward,7,Juanmi,1.52,30,6,16,24,3,1,1,5,0,0,23,0,17,62,10,12,9,0,64,80,19,27,24,27,27,1,0,4,7,35,21,2,16,3,4,1,0,5,0,0,0,0,6,0,21,190,144,46,359,342,15,2,4
Real Sociedad,Forward,10,Oyarzabal,3.159,37,28,36,9,2,0,0,13,3,1,41,3,14,137,23,20,16,0,118,188,45,68,11,38,32,1,0,5,3,50,28,2,46,48,13,0,10,1,3,2,0,1,45,22,36,419,306,113,924,864,51,9,8
Real Sociedad,Forward,11,Januzaj,1.252,20,8,13,12,1,0,0,1,0,0,11,0,6,59,4,8,3,0,111,115,3,14,5,35,16,0,0,2,0,22,6,3,65,40,1,0,1,0,0,0,0,0,58,66,11,243,226,17,431,374,54,3,0
Real Sociedad,Forward,12,Willian J.,2.374,31,18,28,13,5,1,0,11,5,0,27,5,1,62,27,3,2,0,55,96,42,49,18,31,34,0,0,5,9,46,26,5,19,11,10,1,0,9,5,2,0,0,13,0,5,242,151,91,755,656,91,8,7
Real Sociedad,Forward,21,Bautista,587,18,2,4,16,1,0,0,1,0,0,9,1,5,14,4,3,2,0,18,31,53,59,9,9,14,1,0,0,3,17,5,0,5,3,1,0,0,1,0,0,0,0,0,0,5,161,49,112,136,132,4,0,0
Real Sociedad,Forward,24,Sandro,1.05,24,4,10,20,4,0,0,0,0,0,17,1,9,68,2,10,9,0,54,59,10,11,9,24,19,0,0,0,4,33,12,0,12,20,0,0,0,0,0,0,0,0,29,18,19,134,113,21,342,331,9,2,0
SD Eibar,Goalkeeper,1,Dmitrović,2.16,24,24,24,0,3,0,0,0,0,0,30,0,2,248,21,0,0,0,0,3,7,0,0,0,3,0,2,0,3,0,0,0,0,0,0,0,0,0,0,0,0,0,0,0,0,10,3,7,692,91,601,0,0
SD Eibar,Goalkeeper,13,Riesgo,1.26,14,14,14,0,1,0,0,0,0,0,20,0,0,136,10,1,0,0,2,2,1,1,0,0,0,0,0,0,0,0,0,0,0,0,0,0,0,0,0,0,0,0,0,0,1,6,4,2,347,49,298,0,0
SD Eibar,Defender,2,J. Calavera,1,1,0,0,1,0,0,0,0,0,0,0,0,0,0,0,0,0,0,0,0,0,0,0,0,0,0,0,0,0,0,0,0,0,0,0,0,0,0,0,0,0,0,0,0,0,0,0,0,0,0,0,0,0
SD Eibar,Defender,3,Bigas,584,10,4,7,6,1,0,0,0,0,0,13,2,8,29,22,3,1,1,8,10,15,9,0,4,5,0,0,0,1,3,0,1,0,1,0,0,0,0,0,0,0,0,0,0,4,42,18,24,296,226,69,1,0
SD Eibar,Defender,4,N. E. Ramis ,1.682,21,13,20,8,4,0,0,0,0,0,18,5,20,117,62,13,10,0,36,13,62,28,2,10,10,1,1,0,5,13,3,0,3,0,0,0,0,0,0,0,0,0,1,0,23,139,49,90,809,614,195,0,0
SD Eibar,Defender,12,Paulo,2.243,28,23,24,5,4,0,0,0,0,1,33,10,36,123,115,39,10,0,59,37,77,45,0,12,19,0,0,1,5,8,2,0,0,2,0,0,0,0,0,0,0,1,1,0,49,218,96,122,1.01,698,312,0,0
SD Eibar,Defender,15,Cote,3.034,35,27,34,8,9,0,0,1,0,0,43,5,41,234,99,46,20,1,128,76,49,38,1,17,22,0,1,2,11,15,4,1,45,16,0,1,1,0,0,0,0,0,215,45,66,291,204,87,1.488,1.049,437,2,1
SD Eibar,Defender,20,Cucurella,2.356,31,19,26,12,6,0,0,1,0,0,30,3,20,146,17,37,12,0,82,97,40,68,8,16,42,0,0,3,13,15,2,2,17,23,1,0,1,0,0,0,0,0,72,0,49,287,179,108,848,795,53,0,1
SD Eibar,Defender,23,Arbilla,1.95,25,19,22,6,3,1,1,1,0,0,31,5,46,151,89,24,8,1,41,29,59,41,0,5,14,0,0,1,3,11,1,2,4,2,1,0,0,0,0,1,0,0,8,0,32,170,70,100,1.116,792,323,1,1
SD Eibar,Midfielder,5,Escalante,1.782,32,12,18,20,6,0,0,4,0,0,29,2,21,106,19,28,22,0,90,80,46,65,0,18,32,0,0,1,13,16,10,1,23,7,4,0,2,1,0,1,0,0,7,0,50,281,170,111,756,676,77,3,4
SD Eibar,Midfielder,6,Sergio A.,1.064,19,9,12,10,1,0,0,0,0,0,14,4,17,76,41,25,9,1,40,35,36,21,1,6,19,0,0,0,1,2,0,0,1,1,0,0,0,0,0,0,0,0,0,0,34,132,75,57,498,430,68,0,0
SD Eibar,Midfielder,8,P. Diop,2.356,28,22,27,6,11,0,0,1,0,0,36,1,37,170,25,40,26,0,126,99,102,79,1,47,68,0,0,2,29,30,5,1,17,4,1,0,0,0,0,1,0,0,11,0,66,406,225,181,1.129,1,128,1,0
SD Eibar,Midfielder,11,R. Peña,2.673,31,29,30,2,3,0,0,1,0,0,41,9,36,214,41,46,18,1,160,109,21,26,1,34,24,0,0,2,7,15,4,2,62,31,1,0,0,1,0,0,0,0,216,0,64,316,269,47,1.349,1.073,275,1,1
SD Eibar,Midfielder,14,Orellana,2.738,33,24,31,9,4,0,0,3,1,0,40,0,19,190,2,21,23,0,183,240,28,51,5,59,24,1,0,4,3,63,25,5,81,90,3,0,0,3,1,0,0,0,90,22,44,502,423,79,1.164,1.098,61,5,1
SD Eibar,Midfielder,16,De Blasis,1.517,24,13,16,11,3,1,0,2,0,0,23,0,13,99,19,19,13,0,51,61,27,34,0,11,18,0,0,0,4,10,8,0,8,10,1,1,1,1,0,0,0,0,65,0,32,173,112,61,641,539,100,2,1
SD Eibar,Midfielder,21,P. León,426,9,1,5,8,0,0,0,1,0,0,5,0,4,22,1,4,3,0,13,20,12,8,0,5,5,0,0,0,0,7,2,0,1,4,1,0,0,1,0,0,0,0,27,15,7,53,33,20,122,112,10,0,1
SD Eibar,Midfielder,22,Pere Milla,344,5,1,5,4,0,0,0,0,0,0,4,1,2,21,1,6,1,0,11,25,10,14,2,5,7,0,0,0,0,2,0,0,2,3,0,0,0,0,0,0,0,0,8,9,7,60,36,24,114,107,7,0,0
SD Eibar,Midfielder,24,Jordán,2.878,36,25,32,11,10,0,0,4,0,0,39,4,33,249,17,40,23,0,144,158,52,35,4,37,59,0,0,2,17,44,17,4,46,16,0,4,0,4,0,0,2,0,76,121,63,389,302,87,1.684,1.438,245,1,3
SD Eibar,Midfielder,29,Miguel Marí,67,2,0,0,2,0,0,0,0,0,0,2,0,1,5,2,0,0,0,1,4,1,2,0,1,1,0,0,0,0,1,0,0,0,0,0,0,0,0,0,0,0,0,0,0,0,8,5,3,40,38,2,0,0
SD Eibar,Forward,7,Marc,597,17,1,6,16,1,0,0,3,0,0,9,0,1,33,3,5,2,0,23,38,18,23,5,12,9,0,0,1,1,13,8,1,6,17,3,0,0,3,0,0,0,0,7,0,7,102,61,41,165,160,5,0,3
SD Eibar,Forward,9,Sergi Enrich,2.592,35,14,30,21,4,0,0,7,0,0,38,1,6,94,12,17,10,0,63,120,176,228,39,31,65,2,0,5,6,57,16,4,10,4,7,0,0,5,0,2,0,0,6,0,27,587,183,404,925,896,28,1,4
SD Eibar,Forward,17,Kike G.,1.294,30,3,15,27,0,0,0,3,0,0,22,0,4,48,6,4,3,0,32,60,81,105,10,25,31,0,0,9,0,40,16,0,6,8,3,0,0,1,0,2,0,0,12,0,7,278,92,186,394,377,17,0,2
SD Eibar,Forward,19,Charles L.,1.734,34,7,17,27,4,0,0,14,6,0,23,1,4,54,14,5,2,0,31,66,107,127,13,29,39,1,0,3,6,57,30,1,1,5,13,1,0,11,6,3,0,0,12,0,7,331,97,234,545,532,11,2,7
SD Huesca,Goalkeeper,1,Javi Varas,0,0,0,0,0,0,0,0,0,0,0,0,0,0,0,0,0,0,0,0,0,0,0,0,0,0,0,0,0,0,0,0,0,0,0,0,0,0,0,0,0,0,0,0,0,0,0,0,0,0,0,0,0,0
SD Huesca,Goalkeeper,13,Santamaría,1.8,20,20,20,0,1,0,0,0,0,0,30,0,1,152,14,0,0,0,2,0,1,0,0,3,0,0,0,0,0,0,0,0,0,0,0,0,0,0,0,0,0,0,0,0,0,3,2,1,546,50,496,0,0
SD Huesca,Goalkeeper,25,Jovanović,1.08,12,12,12,0,1,0,0,0,0,0,19,0,1,68,10,0,0,0,1,1,3,0,0,2,1,0,1,0,0,0,0,0,0,0,0,0,0,0,0,0,0,0,0,0,0,5,2,3,309,53,256,0,0
SD Huesca,Defender,2,Mantovani,699,9,6,6,3,2,0,0,2,0,1,18,3,22,23,47,9,6,1,27,17,34,15,0,16,12,0,2,1,2,4,3,0,0,0,2,0,0,0,0,2,0,1,0,0,15,93,44,49,226,201,25,0,1
SD Huesca,Defender,3,Etxeita,2.678,31,28,30,3,11,0,0,4,0,1,52,25,39,114,160,23,24,1,57,54,81,58,1,12,34,0,1,1,19,18,8,0,1,1,4,0,0,1,0,3,0,1,8,0,47,250,111,139,882,686,196,0,2
SD Huesca,Defender,4,Diéguez,749,9,7,8,2,3,0,0,0,0,0,13,4,12,35,42,10,6,0,30,18,18,13,0,9,9,0,1,0,5,1,1,0,6,1,0,0,0,0,0,0,0,0,0,0,16,79,48,31,204,162,41,1,0
SD Huesca,Defender,14,J. Pulido,2.788,32,27,32,5,8,2,0,3,0,1,50,18,50,134,149,41,22,1,94,83,75,52,6,32,50,0,0,0,26,17,7,3,5,6,3,0,1,1,0,1,0,1,16,0,64,304,177,127,921,746,175,0,3
SD Huesca,Defender,15,Akapo,1.012,13,9,12,4,2,0,0,0,0,0,16,2,22,54,33,15,13,1,47,39,21,14,0,13,16,0,0,0,6,4,1,0,8,6,0,0,0,0,0,0,0,0,7,0,28,121,86,35,348,309,38,1,0
SD Huesca,Defender,16,Luisinho,509,7,4,6,3,4,0,0,0,0,0,16,1,16,27,15,10,4,0,26,21,0,4,0,8,8,0,0,0,7,3,1,0,4,2,0,0,0,0,0,0,0,0,8,1,14,51,47,4,195,175,19,1,0
SD Huesca,Defender,18,Insua,779,10,7,10,3,4,0,0,0,0,0,10,0,12,32,39,10,13,0,28,25,25,22,1,4,16,0,0,1,9,2,1,0,1,0,0,0,0,0,0,0,0,0,0,0,23,100,53,47,246,206,40,0,0
SD Huesca,Defender,24,Miramón,2.496,30,26,30,4,5,0,0,1,0,0,42,11,44,223,54,54,18,0,118,76,31,24,0,13,26,0,0,1,9,7,4,0,34,18,0,1,0,1,0,0,0,0,81,0,72,249,194,55,983,824,159,0,1
SD Huesca,Midfielder,5,Aguilera,347,6,1,4,5,0,0,0,0,0,0,5,2,4,27,2,2,0,0,9,7,4,5,0,6,3,0,0,0,0,3,1,0,1,0,0,0,0,0,0,0,0,0,2,0,2,25,16,9,184,168,16,0,0
SD Huesca,Midfielder,6,Moi Gómez,3.061,36,28,35,8,3,0,0,2,0,0,58,3,28,252,24,28,14,0,99,141,22,28,0,25,47,1,0,0,7,17,8,7,33,23,1,1,1,1,0,0,0,0,69,52,42,290,240,50,1.42,1.206,212,2,2
SD Huesca,Midfielder,7,Ferreiro,2.276,35,17,23,18,5,0,0,1,0,0,42,1,24,145,10,22,14,0,95,134,8,33,24,36,42,0,0,1,17,22,13,3,24,14,1,0,0,0,0,1,0,0,188,75,37,270,229,41,739,648,87,4,1
SD Huesca,Midfielder,8,Melero,1.346,22,7,14,15,3,0,0,2,1,0,25,4,2,96,21,23,3,0,53,91,26,23,1,17,32,2,0,0,3,19,7,1,12,16,2,0,1,1,1,0,0,0,3,0,26,193,144,49,716,676,39,1,1
SD Huesca,Midfielder,10,Camacho,34,3,0,0,3,0,0,0,0,0,0,1,0,0,4,1,1,0,0,3,3,1,3,0,0,0,0,0,0,0,3,2,0,2,0,0,0,0,0,0,0,0,0,2,0,1,10,6,4,22,20,2,0,0
SD Huesca,Midfielder,11,Álex Gallar,1.002,25,3,10,22,2,0,0,4,1,0,25,1,9,74,4,9,6,0,49,63,4,5,3,16,6,0,0,3,1,19,10,1,19,27,3,1,3,1,1,0,1,0,25,23,15,121,112,9,407,366,39,2,2
SD Huesca,Midfielder,12,Javi Galán,1.44,16,16,16,0,7,0,0,0,0,0,23,1,19,95,37,39,22,1,112,76,17,19,1,22,15,0,1,0,11,2,0,2,29,22,0,0,0,0,0,0,0,0,68,0,61,224,188,36,396,327,66,3,0
SD Huesca,Midfielder,17,Rivera,1.694,22,14,19,8,2,0,0,2,0,0,31,4,32,136,26,25,13,0,66,54,24,35,1,11,18,0,0,0,2,11,7,0,18,7,2,0,0,2,0,0,0,0,9,0,38,179,120,59,682,613,69,0,2
SD Huesca,Midfielder,20,Juanpi,672,14,0,8,14,2,0,0,2,1,0,8,0,5,42,3,6,10,0,39,48,8,11,2,15,13,1,0,3,2,8,3,2,8,11,2,0,2,0,1,0,0,0,8,8,16,106,87,19,217,192,23,2,2
SD Huesca,Midfielder,21,Herrera,1.158,16,8,14,8,5,0,0,0,0,0,18,1,14,85,29,24,24,0,85,85,32,19,0,23,32,0,1,0,11,10,2,0,15,14,0,0,0,0,0,0,0,0,10,0,48,221,170,51,433,386,47,0,0
SD Huesca,Midfielder,23,Musto,1.687,24,13,20,11,11,0,0,0,0,0,42,11,35,97,51,34,18,1,69,72,48,39,1,17,47,0,1,1,30,11,2,0,1,1,0,0,0,0,0,0,0,0,3,1,52,228,141,87,775,676,99,0,0
SD Huesca,Forward,9,Cucho Hernández,2.15,34,11,25,23,6,0,0,4,2,0,45,2,9,86,17,13,9,0,98,127,59,109,14,40,33,1,0,2,12,68,24,3,37,38,4,0,0,4,2,0,0,0,48,1,22,393,225,168,544,495,46,3,1
SD Huesca,Forward,19,Chimy Ávila,1.993,34,9,20,25,9,1,1,10,1,0,36,2,13,75,21,10,8,0,84,101,70,74,10,46,38,0,0,6,11,66,24,2,22,24,8,2,5,5,1,0,0,0,39,1,18,329,185,144,523,423,94,6,5
SD Huesca,Forward,22,Enric Gallego,1.541,19,13,17,6,4,0,0,5,0,0,25,2,8,45,31,15,6,0,60,98,100,109,19,29,45,0,0,4,16,28,13,1,14,26,5,0,3,1,0,1,0,0,10,0,21,367,158,209,374,364,5,5,2
Sevilla FC,Goalkeeper,1,Tomáš Vaclík,2.97,33,33,34,0,1,0,0,0,0,0,44,0,0,284,17,0,0,0,4,2,13,0,0,3,1,0,1,0,1,0,0,0,1,0,0,0,0,0,0,0,0,0,0,0,0,19,6,13,813,238,575,0,0
Sevilla FC,Goalkeeper,13,Juan Soriano,359,4,3,4,1,0,1,1,0,0,0,2,0,1,44,4,0,0,0,1,0,3,0,0,1,0,0,0,0,0,0,0,0,0,0,0,0,0,0,0,0,0,0,0,0,0,4,1,3,119,28,91,0,0
Sevilla FC,Goalkeeper,39,Javier Díaz,90,1,1,1,0,0,0,0,0,0,0,1,0,0,7,0,0,0,0,0,0,0,0,0,0,0,0,0,0,0,0,0,0,0,0,0,0,0,0,0,0,0,0,0,0,0,0,0,0,21,8,13,0,0
Sevilla FC,Defender,3,Sergi Gómez,2.766,32,29,31,3,1,0,0,0,0,0,43,20,41,124,129,38,11,0,56,38,82,72,2,7,28,0,0,0,0,6,3,0,0,0,0,0,0,0,0,0,0,0,2,0,49,248,94,154,1.457,1.228,229,0,0
Sevilla FC,Defender,4,Kjaer,2.015,26,16,25,10,5,0,0,0,0,0,30,34,27,108,136,19,10,2,38,26,79,39,0,14,21,0,0,0,8,11,3,0,0,0,0,0,0,0,0,0,0,0,0,0,29,182,64,118,907,765,139,3,0
Sevilla FC,Defender,6,Carriço,2.132,24,22,24,2,10,0,0,1,0,0,23,12,31,118,102,18,17,1,48,43,59,48,1,6,30,0,0,1,11,7,2,1,8,1,1,0,0,0,0,1,0,0,2,0,35,198,91,107,1.001,823,177,1,1
Sevilla FC,Defender,14,Maximilian Wöber,536,7,5,6,2,2,0,0,0,0,0,8,0,7,35,16,9,3,0,13,12,16,23,0,1,8,0,0,0,2,4,1,0,1,0,0,0,0,0,0,0,0,0,8,0,12,64,25,39,260,224,34,2,0
Sevilla FC,Defender,18,Escudero,1.549,21,11,18,10,6,1,1,0,0,0,17,4,25,98,38,29,14,0,76,56,22,35,1,21,21,0,1,1,14,18,2,1,12,8,0,0,0,0,0,0,0,0,40,4,43,189,132,57,744,666,76,2,0
Sevilla FC,Defender,23,Arana,633,9,4,8,5,3,0,0,0,0,0,8,3,9,35,7,6,5,0,21,14,3,3,0,8,5,0,0,0,3,4,2,0,2,5,0,0,0,0,0,0,0,0,19,0,11,41,35,6,220,208,12,0,0
Sevilla FC,Defender,24,Gnagnon,444,7,3,4,4,2,0,0,0,0,0,6,2,11,30,15,8,3,0,20,15,19,11,0,7,8,0,0,0,3,3,1,0,3,0,0,0,0,0,0,0,0,0,1,0,11,65,35,30,258,240,18,0,0
Sevilla FC,Defender,25,Mercado,1.737,23,14,19,9,10,0,0,2,0,0,23,12,26,80,68,23,12,0,54,51,47,39,2,19,32,1,1,3,15,11,4,1,1,1,2,0,0,2,0,0,0,0,5,0,35,191,105,86,744,644,100,0,2
Sevilla FC,Midfielder,5,Amadou,757,17,4,7,13,2,0,0,0,0,0,14,4,11,45,23,20,7,0,40,28,26,16,1,10,12,0,0,0,5,5,2,0,5,1,0,0,0,0,0,0,0,0,6,0,27,110,68,42,352,321,31,0,0
Sevilla FC,Midfielder,7,R. Mesa,1.745,31,11,20,20,10,0,0,2,0,0,27,0,14,153,9,27,19,0,95,110,12,20,2,26,45,1,1,1,20,19,7,2,23,10,1,1,0,2,0,0,0,0,32,8,46,237,205,32,914,837,75,2,2
Sevilla FC,Midfielder,10,Banega,2.676,32,18,32,14,15,2,1,3,2,0,33,5,28,290,25,50,21,0,192,183,11,25,2,67,57,0,1,1,38,19,10,4,54,22,2,1,0,3,2,0,0,0,54,96,71,411,375,36,2.091,1.772,313,6,2
Sevilla FC,Midfielder,11,Aleix Vidal,526,11,2,5,9,3,0,0,0,0,0,6,0,4,31,9,11,3,0,24,34,8,6,1,7,10,0,1,1,7,7,5,0,4,9,0,0,0,0,0,0,0,0,21,2,14,72,58,14,251,222,28,1,0
Sevilla FC,Midfielder,15,Gonalons,536,10,4,5,6,0,0,0,0,0,0,5,4,5,36,10,4,4,0,22,34,19,14,0,6,17,0,0,0,0,1,0,0,8,2,0,0,0,0,0,0,0,0,0,0,8,89,56,33,333,287,46,0,0
Sevilla FC,Midfielder,16,J. Navas,2.712,32,28,31,4,8,0,0,1,0,0,42,5,30,172,52,21,7,0,92,41,16,42,8,31,12,0,0,0,8,28,12,5,34,10,1,0,0,1,0,0,0,0,194,1,28,191,133,58,1.418,1.21,205,3,1
Sevilla FC,Midfielder,17,Sarabia,2.728,33,23,30,10,9,0,0,12,1,0,36,3,22,141,16,15,15,0,104,148,11,37,18,48,45,0,0,4,15,62,31,13,27,36,12,0,5,5,1,2,0,0,118,97,31,300,252,48,1.208,1.131,73,4,6
Sevilla FC,Midfielder,20,Marko Rog,354,10,0,4,10,5,0,0,0,0,0,5,0,8,37,1,11,1,0,32,23,11,11,0,11,14,0,0,1,11,1,0,0,11,3,0,0,0,0,0,0,0,0,1,1,12,77,55,22,206,200,5,1,0
Sevilla FC,Midfielder,22,Vázquez,2.287,34,13,26,21,8,1,0,3,0,0,28,2,24,153,25,37,15,0,160,180,67,56,4,71,52,0,1,1,21,33,8,4,44,31,2,1,2,1,0,0,0,0,25,1,52,463,340,123,1.068,982,77,9,2
Sevilla FC,Midfielder,41,Bryan Gil Salvatierra,157,11,0,0,11,0,0,0,1,0,0,3,0,1,11,0,4,2,0,23,24,0,2,0,8,3,0,0,0,0,2,1,1,9,12,1,0,1,0,0,0,0,0,9,0,6,49,47,2,65,61,4,0,1
Sevilla FC,Forward,8,Nolito,73,4,0,1,4,0,0,0,0,0,0,2,0,0,2,1,2,1,0,5,7,0,2,1,1,2,0,0,0,0,2,1,0,1,3,0,0,0,0,0,0,0,0,1,0,3,14,12,2,27,25,2,0,0
Sevilla FC,Forward,9,Ben Yedder,2.819,35,21,31,14,4,0,0,18,2,0,33,0,11,93,2,16,2,0,87,104,40,95,30,24,26,0,0,2,4,64,38,9,46,35,17,1,8,8,2,2,0,0,27,0,19,326,191,135,755,709,37,9,7
Sevilla FC,Forward,12,André Silva,2.163,27,18,25,9,4,0,0,9,0,0,27,1,3,57,32,5,3,0,49,128,67,96,17,28,42,2,0,4,8,48,27,0,14,29,9,0,3,5,0,1,0,0,11,0,8,340,177,163,538,523,10,5,4
Sevilla FC,Forward,19,Munir,1.192,23,6,13,17,2,0,0,6,0,0,22,0,6,38,9,13,7,0,59,51,19,32,13,26,19,0,0,1,3,27,12,2,14,11,6,0,5,0,0,1,0,0,19,4,20,161,110,51,376,359,15,2,4
Sevilla FC,Forward,21,Promes,1.569,33,11,15,22,2,0,0,2,0,0,28,3,25,112,19,25,10,0,74,66,21,22,9,13,24,1,0,0,5,19,6,3,28,20,2,0,0,2,0,0,0,0,54,10,35,183,140,43,757,700,56,1,1
Valencia CF,Goalkeeper,1,Domenech,360,4,4,4,0,0,0,0,0,0,0,1,0,0,34,2,0,0,0,0,1,3,0,0,0,0,0,0,0,0,0,0,0,0,0,0,0,0,0,0,0,0,0,0,0,0,4,1,3,73,14,59,0,0
Valencia CF,Goalkeeper,13,Neto,3.06,34,34,34,0,2,0,0,0,0,0,34,0,1,272,19,0,2,0,2,1,4,0,0,0,0,0,0,0,0,0,0,0,0,0,0,0,0,0,0,0,0,0,0,0,2,7,3,4,691,160,531,0,0
Valencia CF,Defender,4,Roncaglia,1.674,19,16,19,3,6,1,1,0,0,0,25,7,30,110,63,32,16,0,65,38,35,26,0,14,22,0,0,3,12,4,0,0,3,1,0,0,0,0,0,0,0,0,8,0,48,164,103,61,806,714,92,0,0
Valencia CF,Defender,5,Gabriel Paulista,2.625,30,28,30,2,6,0,0,0,0,0,28,21,70,158,156,16,13,0,57,41,64,28,1,30,25,0,1,1,9,8,2,1,2,3,0,0,0,0,0,0,0,0,0,0,29,190,98,92,1.298,1.107,191,0,0
Valencia CF,Defender,12,Diakhaby,1.574,22,16,16,6,9,0,0,2,0,0,18,16,20,96,94,8,6,0,28,26,36,33,1,9,24,0,2,4,17,8,4,0,5,2,2,0,0,0,0,2,0,0,0,0,14,123,54,69,696,603,93,0,2
Valencia CF,Defender,14,Gayá,3.138,35,34,35,1,10,0,0,1,0,0,30,6,43,192,96,59,24,1,175,111,34,44,3,55,35,1,1,4,17,12,3,1,37,30,1,0,1,0,0,0,0,0,97,0,83,364,286,78,1.451,1.286,165,0,1
Valencia CF,Defender,15,Lato,270,4,2,3,2,1,0,0,0,0,0,5,3,6,19,10,4,2,0,8,9,0,7,0,2,4,0,2,0,3,2,0,0,0,1,0,0,0,0,0,0,0,0,4,0,6,24,17,7,141,127,14,0,0
Valencia CF,Defender,21,Piccini ,1.868,23,19,21,4,3,0,0,1,0,0,22,7,27,120,57,23,9,0,76,67,26,21,0,14,18,0,0,1,9,9,3,0,30,26,1,0,1,0,0,0,0,0,40,0,32,190,143,47,771,691,79,1,1
Valencia CF,Defender,24,Garay,2.137,24,23,24,1,4,0,0,2,0,0,23,23,17,89,137,17,3,0,32,25,73,44,0,13,19,0,1,0,6,10,6,0,2,0,2,0,0,1,0,1,0,0,2,0,20,174,57,117,1.07,876,193,1,2
Valencia CF,Defender,36,Hugo Guillamón,0,0,0,0,0,0,0,0,0,0,0,0,0,0,0,0,0,0,0,0,0,0,0,0,0,0,0,0,0,0,0,0,0,0,0,0,0,0,0,0,0,0,0,0,0,0,0,0,0,0,0,0,0,0
Valencia CF,Midfielder,6,Kondogbia,1.244,19,10,14,9,1,0,0,1,0,0,13,7,27,100,22,33,14,0,86,57,25,28,0,19,21,0,0,1,3,16,5,1,21,2,1,0,0,0,0,1,0,0,0,0,47,196,143,53,744,641,99,4,1
Valencia CF,Midfielder,7,Gonçalo Guedes,1.469,25,5,18,20,2,0,0,5,0,0,10,0,7,82,2,13,18,0,117,90,9,11,7,50,19,0,0,2,3,27,14,3,36,20,3,2,0,5,0,0,0,0,49,3,31,227,207,20,598,554,39,5,3
Valencia CF,Midfielder,8,Carlos Soler,2.466,31,18,27,13,9,0,0,2,0,1,26,6,19,149,32,28,14,0,112,157,25,28,1,50,52,1,1,2,24,29,14,6,22,31,2,0,0,2,0,0,0,1,58,9,42,322,269,53,902,828,70,4,2
Valencia CF,Midfielder,10,Parejo,3.062,36,32,35,4,6,1,0,9,5,0,31,7,46,270,23,42,31,0,161,120,31,20,0,54,27,0,0,2,8,36,21,7,36,14,7,2,1,8,5,0,1,0,50,170,73,332,281,51,2.215,1.934,275,6,6
Valencia CF,Midfielder,11,Chéryshev,1.709,27,9,19,18,2,0,0,2,0,0,19,3,15,113,11,32,14,0,81,91,35,44,10,19,42,0,0,4,6,23,6,2,18,19,2,0,1,0,0,1,0,0,95,0,46,251,172,79,606,547,58,1,1
Valencia CF,Midfielder,16,Lee Kang-In,21,3,0,0,3,1,0,0,0,0,0,0,0,1,2,0,0,2,0,2,4,0,0,0,0,2,0,0,0,2,1,0,0,0,0,0,0,0,0,0,0,0,0,6,0,2,6,6,0,13,11,1,1,0
Valencia CF,Midfielder,17,Coquelin,1.766,26,9,20,17,5,0,0,0,0,0,15,5,49,162,28,31,15,0,102,69,35,21,0,29,22,0,0,1,9,9,3,1,27,6,0,0,0,0,0,0,0,0,1,0,46,227,171,56,967,851,111,5,0
Valencia CF,Midfielder,18,Wass,2.355,32,18,26,14,4,0,0,1,0,1,27,4,34,130,42,25,10,0,83,65,43,54,2,42,28,1,0,0,6,18,4,3,9,7,1,0,0,1,0,0,0,1,61,12,35,245,148,97,1.148,1.037,107,4,1
Valencia CF,Midfielder,37,Fran Navarro,0,0,0,0,0,0,0,0,0,0,0,0,0,0,0,0,0,0,0,0,0,0,0,0,0,0,0,0,0,0,0,0,0,0,0,0,0,0,0,0,0,0,0,0,0,0,0,0,0,0,0,0,0,0
Valencia CF,Forward,9,Gameiro,1.605,33,7,16,26,1,0,0,6,0,0,18,2,5,43,3,9,5,0,37,57,11,43,17,12,11,1,0,0,2,29,15,1,11,14,6,0,1,4,0,1,0,0,10,0,14,148,94,54,422,408,12,2,6
Valencia CF,Forward,19,Rodrigo,2.534,33,20,29,13,3,1,1,8,0,0,23,1,3,74,17,10,11,0,103,102,49,78,14,41,23,1,0,2,5,69,31,6,42,33,8,0,5,2,0,1,0,0,30,2,21,332,205,127,829,768,54,7,4
Valencia CF,Forward,20,Ferrán,843,24,1,8,23,5,0,0,2,0,0,8,1,10,50,8,8,7,0,39,46,30,21,1,10,18,0,0,2,7,14,6,1,14,9,2,0,0,2,0,0,0,0,34,0,15,136,85,51,292,270,20,2,2
Valencia CF,Forward,22,S. Mina,1.858,30,9,23,21,4,0,0,7,0,0,21,2,4,53,18,10,7,0,68,124,42,76,13,41,40,1,0,2,6,38,22,5,12,19,7,0,2,3,0,2,0,0,9,0,17,310,192,118,463,436,24,3,3
Valencia CF,Forward,23,Sobrino,1.155,24,4,12,20,3,0,0,3,0,0,16,2,3,34,11,14,8,0,51,77,33,57,4,16,34,0,0,0,7,19,6,1,17,16,2,1,2,0,0,1,0,0,8,0,22,218,128,90,281,270,10,1,2
Villarreal CF,Goalkeeper,1,S. Asenjo ,2.88,32,32,32,0,0,0,0,0,0,0,45,0,3,248,37,0,0,0,2,0,8,2,0,3,0,0,0,0,0,0,0,0,0,0,0,0,0,0,0,0,0,0,0,0,0,12,2,10,686,213,473,0,0
Villarreal CF,Goalkeeper,13,Andrés Fdez,540,6,6,6,0,2,0,0,0,0,0,7,0,0,48,6,0,1,0,1,1,1,0,0,0,0,0,0,0,0,0,0,0,0,1,0,0,0,0,0,0,0,0,0,0,1,3,2,1,171,66,105,0,0
Villarreal CF,Goalkeeper,25,Barbosa,0,0,0,0,0,0,0,0,0,0,0,0,0,0,0,0,0,0,0,0,0,0,0,0,0,0,0,0,0,0,0,0,0,0,0,0,0,0,0,0,0,0,0,0,0,0,0,0,0,0,0,0,0,0
Villarreal CF,Defender,,Quintillà,628,7,6,7,1,1,0,0,0,0,0,10,2,8,29,13,4,6,0,10,14,3,9,0,0,7,0,0,0,2,3,0,0,0,1,0,0,0,0,0,0,0,0,19,0,10,36,24,12,279,256,23,0,0
Villarreal CF,Defender,2,Mario Gaspar,2.601,31,26,30,5,15,1,1,1,0,0,36,11,42,118,83,43,20,0,85,94,54,52,1,12,50,0,2,2,34,16,8,2,11,16,1,0,0,1,0,0,0,0,49,0,63,285,179,106,1.053,937,116,0,1
Villarreal CF,Defender,3,Álvaro ,2.965,33,31,33,2,13,2,2,1,0,0,45,24,37,128,175,35,14,1,75,40,85,47,1,32,28,0,1,0,20,13,2,2,0,1,1,0,0,0,0,1,0,0,14,0,49,247,115,132,1.496,1.197,299,0,1
Villarreal CF,Defender,4,Funes Mori,2.628,31,27,29,4,14,0,0,2,0,1,36,24,45,175,145,29,12,0,67,63,70,27,2,22,32,0,0,1,23,15,6,1,7,3,2,0,0,0,0,2,0,1,6,0,41,227,130,97,1.212,947,264,1,1
Villarreal CF,Defender,6,Víctor Ruiz,1.976,22,21,22,1,10,0,0,0,0,0,31,16,38,117,62,19,9,0,46,33,48,31,1,10,29,0,1,1,18,6,1,0,9,1,0,0,0,0,0,0,0,0,4,0,28,158,79,79,1.197,1.027,170,0,0
Villarreal CF,Defender,11,J. Costa,1.498,21,12,18,9,6,0,0,1,0,1,22,3,21,82,44,21,12,0,65,38,26,25,0,23,20,0,0,1,12,9,2,0,10,4,1,0,1,0,0,0,0,1,44,0,33,154,103,51,778,684,92,2,1
Villarreal CF,Defender,15,Miguelón,543,8,3,5,5,1,0,0,0,0,0,9,2,12,30,13,14,7,0,36,34,5,8,0,10,14,0,0,0,1,2,0,0,5,6,0,0,0,0,0,0,0,0,20,0,21,83,70,13,163,144,19,0,0
Villarreal CF,Defender,23,Bonera,233,5,1,4,4,1,0,0,0,0,1,5,5,4,9,10,2,0,0,2,2,1,3,0,0,2,0,0,0,1,0,0,0,0,0,0,0,0,0,0,0,0,1,0,0,2,8,4,4,93,81,12,0,0
Villarreal CF,Midfielder,,Manuel Morlanes,611,10,1,7,9,2,0,0,0,0,0,11,3,5,48,9,11,10,0,33,32,10,9,0,6,13,0,0,0,4,2,0,3,7,1,0,0,0,0,0,0,0,0,2,0,21,84,65,19,320,289,28,3,0
Villarreal CF,Midfielder,5,Cáseres,1.588,23,10,17,13,10,0,0,0,0,0,26,9,14,98,23,35,32,0,91,75,25,42,0,13,34,0,0,0,13,4,1,1,11,4,0,0,0,0,0,0,0,0,0,0,67,233,166,67,862,772,88,2,0
Villarreal CF,Midfielder,8,P. Fornals,2.483,35,19,28,16,4,0,0,2,0,0,38,4,24,163,16,26,23,0,128,142,22,65,4,43,31,0,0,2,8,43,17,3,38,25,1,1,0,2,0,0,0,0,28,10,49,357,270,87,1.13,1.034,85,11,1
Villarreal CF,Midfielder,10,Iborra,1.667,19,17,19,2,7,0,0,3,0,0,27,7,22,119,41,18,13,0,70,72,87,63,2,37,29,0,0,4,17,16,7,1,7,10,3,0,2,0,0,1,0,0,1,0,31,292,142,150,791,731,55,5,2
Villarreal CF,Midfielder,14,M. Trigueros,1.547,24,11,18,13,3,0,0,0,0,0,18,6,16,106,16,35,11,0,72,89,18,19,1,22,36,0,1,0,8,11,1,0,6,2,0,0,0,0,0,0,0,0,17,15,46,198,161,37,983,887,93,3,0
Villarreal CF,Midfielder,16,Pedraza,2.087,34,17,22,17,3,0,0,3,0,0,41,7,29,105,43,44,15,0,103,122,27,31,7,12,42,0,0,1,2,24,13,3,32,28,3,0,3,0,0,0,0,0,95,0,59,283,225,58,710,648,59,3,2
Villarreal CF,Midfielder,18,Javi Fuego,234,5,0,3,5,1,0,0,0,0,0,4,0,3,15,9,3,3,0,12,14,4,3,0,5,7,0,0,0,1,0,0,0,1,0,0,0,0,0,0,0,0,0,0,0,6,33,26,7,144,129,15,0,0
Villarreal CF,Midfielder,19,S. Cazorla,2.651,35,21,30,14,2,0,0,4,2,0,42,6,28,201,14,34,35,0,174,142,10,33,0,58,22,0,0,2,4,22,11,10,48,24,4,0,0,3,2,1,0,0,57,114,69,359,316,43,1.573,1.374,191,8,3
Villarreal CF,Midfielder,21,Bruno,0,0,0,0,0,0,0,0,0,0,0,0,0,0,0,0,0,0,0,0,0,0,0,0,0,0,0,0,0,0,0,0,0,0,0,0,0,0,0,0,0,0,0,0,0,0,0,0,0,0,0,0,0,0
Villarreal CF,Midfielder,22,Raba,186,8,1,2,7,0,0,0,0,0,0,4,0,1,17,0,5,1,0,9,19,3,1,0,4,5,0,0,0,0,1,0,1,0,3,0,0,0,0,0,0,0,0,2,4,6,32,28,4,93,83,10,0,0
Villarreal CF,Midfielder,30,Samuel Chukwueze,1.708,26,8,19,18,2,0,0,5,0,0,26,2,10,102,1,11,8,0,91,115,15,30,19,20,20,0,0,1,2,42,23,2,52,43,4,1,5,0,0,0,0,0,24,2,20,251,206,45,504,465,37,2,2
Villarreal CF,Midfielder,37,Iván Martín,0,0,0,0,0,0,0,0,0,0,0,0,0,0,0,0,0,0,0,0,0,0,0,0,0,0,0,0,0,0,0,0,0,0,0,0,0,0,0,0,0,0,0,0,0,0,0,0,0,0,0,0,0,0
Villarreal CF,Midfielder,42,Andrei Ratiu,0,0,0,0,0,0,0,0,0,0,0,0,0,0,0,0,0,0,0,0,0,0,0,0,0,0,0,0,0,0,0,0,0,0,0,0,0,0,0,0,0,0,0,0,0,0,0,0,0,0,0,0,0,0
Villarreal CF,Forward,7,Gerard,2.317,35,16,25,19,3,0,0,8,0,0,32,9,9,89,38,12,11,0,88,131,63,62,21,37,39,0,0,2,7,54,33,1,32,32,7,1,5,1,0,2,0,0,19,0,23,344,219,125,740,676,59,5,6
Villarreal CF,Forward,9,Bacca,1.259,33,2,12,31,3,0,0,6,1,0,17,0,8,30,5,2,2,0,24,56,22,25,15,9,19,1,0,1,4,22,15,1,12,7,6,0,0,4,1,2,1,0,6,1,4,127,80,47,270,252,16,2,5
Villarreal CF,Forward,17,Toko Ekambi,2.148,34,11,24,23,5,0,0,10,0,0,28,0,11,63,9,8,3,0,91,96,33,48,20,29,27,2,0,5,10,49,32,1,52,38,9,1,1,9,0,0,0,0,31,0,11,268,187,81,501,477,23,1,5
